Workbook
Name \0: #REF!
Name \A: #REF!
Name \B: [1]A!#REF!
Name \C: #REF!
Name \D: [1]A!#REF!
Name \E: [1]A!#REF!
Name \F: #REF!
Name \G: [1]A!#REF!
Name \H: #REF!
Name \H1: #REF!
Name \H2: #REF!
Name \H4: #REF!
Name \H5: #REF!
Name \H6: #REF!
Name \H7: #REF!
Name \J: #REF!
Name \K: #REF!
Name \L: [1]A!#REF!
Name \M: [1]A!#REF!
Name \N: #REF!
Name \O: #REF!
Name \P: #REF!
Name \R: [1]A!#REF!
Name \S: #REF!
Name \T: [1]A!#REF!
Name \U: [1]A!#REF!
Name \V: [1]A!#REF!
Name \W: #REF!
Name \X: [1]A!#REF!
Name \Y: #REF!
Name \Z: [1]A!#REF!
Name _: #REF!
Name __?___RIGHT__?_: #REF!
Name ___: [2]ANALIS!#REF!
Name ____________________________DIV11: #REF!
Name ___________________________MMM19: '[3]4-Basic Price'!$F$71
Name __________________________DIV11: #REF!
Name __________________________EEE02: #REF!
Name __________________________EEE05: #REF!
Name __________________________EEE06: #REF!
Name __________________________EEE07: #REF!
Name __________________________EEE08: #REF!
Name __________________________EEE09: #REF!
Name __________________________EEE10: #REF!
Name __________________________EEE11: #REF!
Name __________________________EEE13: #REF!
Name __________________________EEE15: #REF!
Name __________________________EEE16: #REF!
Name __________________________EEE17: #REF!
Name __________________________EEE22: #REF!
Name __________________________EEE23: #REF!
Name __________________________EEE27: #REF!
Name __________________________EEE29: #REF!
Name __________________________HAL2: #REF!
Name __________________________HAL5: #REF!
Name __________________________HAL6: #REF!
Name __________________________HAL7: #REF!
Name __________________________HAL8: #REF!
Name __________________________MMM19: '[4]4-Basic Price'!$F$69
Name __________________________MMM38: '[4]4-Basic Price'!#REF!

Sheet INFORMASI
A1: AHS CIPTA KARYA PEK PERSIAPAN, STRUKTUR, ARSITEKTURAL
A2: DIBUAT BERDASARKAN SURAT EDARAN BINA KONSTRUKSI NO. 182 TAHUN 2025
A5: ANALISA HARGA SATUAN INI
A6: TERDIRI DARI HSP (HARGA SATUAN PEKERJAAN), AHS (ANALISA HARGA SATUAN), HSD (HARGA SATUAN DASAR) UPAH BAHAN ALAT
A8: Untuk pembuatan RAB harap diperhatikan penjumlahan dalam analisa karena bisa berubah setiap program excel sehingga mengakibatkan ketidak validan perhitungan
B11: BACA DULU :
B12: 1. Program ini terdiri dari HSP (Harga Satuan Pekerjaan), AHS (Analisa harga satuan), HSD (Harga Satuan Dasar) Upah dan Bahan
B13: 2. Cukup merubah harga HSD maka AHS dan HSP akan langsung berubah menyesuaikan
B14: 3. AHS ini dibuat berdasarkan SE Bina Konstruksi No. 182 tahun 2025, sebagai Update dari SE BK No. 30 Tahun 2025
B15: 4. Untuk membuat RAB, cukup cari pekerjaan yang sesuai di HSP, lalu dari HSP cek AHS, dari AHS kemudian rubah harga bahan di HSD, otomatis AHS dan HSP akan berubah menyesuaikan, harga pada HSP bisa digunakan untuk RAB
B16: 5. Harga default untuk Bahan dan alat adalah Rp.10.000 yang bisa diubah sesuai harga setempat

Sheet BOQ
B1: RENCANA ANGGARAN BIAYA
B3: PEKERJAAN | D3: : RUMAH TINGGAL LANTAI 1
B4: LOKASI | D4: :
B5: TAHUN | D5: :
B7: NO | C7: KODE ANALISA | D7: URAIAN PEKERJAAN | E7: SATUAN | F7: VOLUME | G7: HARGA SATUAN (Rp.) | H7: JUMLAH (Rp.)
B9: A | D9: PEKERJAAN PERSIAPAN
B10: 1 | C10: 1.1.2.4.b | D10: Pembuatan 1m2 direksi keet (kantor), los kerja dan gudang | E10: m2 | F10: =[423]VOLGUDANG!$Q$43 -> 12 | G10: ='HSP PRSPN,STR,ARS'!D20 -> 1001734.9 | H10: =G10*F10 -> 12020819 | I10: =VLOOKUP(E10,'HSD PSPN,STR,ARS'!#REF!,4,FALSE) -> #REF! | J10: =VLOOKUP(F10,'HSD PSPN,STR,ARS'!#REF!,4,FALSE) -> #REF!
B11: 2 | C11: 1.1.3.1 | D11: 1 m2 pembersihan dan pengupasan permukaan tanah (stiping) sd tanaman Φ 2 cm | E11: m2 | F11: ='[423]PEMBERSIHAN LAHAN'!$Q$43 -> 120 | G11: ='HSP PRSPN,STR,ARS'!D27 -> 22000 | H11: =G11*F11 -> 2640000
B12: 3 | C12: 1.1.4.2 | D12: Pasangan 1 m ' bouwplank | E12: m' | F12: =[423]BOWPLANK!$Q$40 -> 41.65 | G12: ='HSP PRSPN,STR,ARS'!D47 -> 4070 | H12: =G12*F12 -> 169515.5
B13: 4 | D13: Air kerja | E13: ls | F13: 1 | G13: 500000 | H13: =G13*F13 -> 500000
B14: 5 | D14: Perizinan | E14: ls | F14: 1 | G14: 5000000 | H14: =G14*F14 -> 5000000
B15: JUMLAH A | H15: =SUM(H10:H14) -> 20330334
B16: B | D16: PEKERJAAN STRUKTUR
B17: I. | D17: Pekerjaan Pondasi
B18: I.1 | D18: Pondasi Batu Belah
B19: a | C19: 1.2.1.1.1 | D19: Penggalian 1 m³ tanah biasa sedalam 0 sd 1 m untuk volume sd 200 m3 secara manual | E19: m3 | F19: ='[424]VOL GALIAN POND BATU BELAH'!$Q$48 -> 16.2435 | G19: ='HSP PRSPN,STR,ARS'!D56 -> 90860 | H19: =G19*F19 -> 1475884.4
B20: b | C20: 1.3.1.2 | D20: 1 m3 Urukan dengan Pasir Uruk untuk volume s.d 200 m3 tanpa pemadatan secara manual | E20: m3 | F20: ='[424]VOL PASIR URUG '!$Q$49 -> 1.2495 | G20: ='HSP PRSPN,STR,ARS'!D130 -> 49500 | H20: =G20*F20 -> 61850.25
B21: c | C21: 2.2.2.1.1 | D21: Pemasangan 1 m³ batu kosong (Aanstamping) | E21: m3 | F21: ='[424]VOL AANSTAMPANG '!$Q$48 -> 2.499 | G21: ='HSP PRSPN,STR,ARS'!D350 -> 177397 | H21: =G21*F21 -> 443315.1
B22: d | C22: 2.2.2.1.9 | D22: Pemasangan 1 m³ pondasi Batu Belah Mortar Tipe O (2,4 Mpa) setara 1SP : 5PP, cara semi mekanis | E22: m3 | F22: ='[424]VOL PSGN BATU BELAH'!$Q$47 -> 12.182625 | G22: ='HSP PRSPN,STR,ARS'!D358 -> 1719171 | H22: =G22*F22 -> 20944016
B23: I.2 | D23: Pondasi Foot Plate
B24: a | C24: 1.2.1.1.1 | D24: Penggalian 1 m³ tanah biasa sedalam 0 sd 1 m untuk volume sd 200 m3 secara manual | E24: m3 | G24: =G19 -> 90860 | H24: =G24*F24 -> 0
B25: b | C25: 2.2.1.4.1 | D25: 1 m3 beton mutu rendah f'c 7,5 Mpa Slump (100 ± 25) mm, agregat maks 19 mm secara manual | E25: m3 | G25: =G20 -> 49500 | H25: =G25*F25 -> 0
B27: c | C27: 2.2.1.3.1 | D27: Pemasangan 1 m² bekisting untuk pondasi telapak (3 kali pakai) | E27: m2 | G27: ='HSP PRSPN,STR,ARS'!D278 -> 110946 | H27: =G27*F27 -> 0
B28: d | C28: 2.2.1.1.1 | D28: 1 Kg Penulangan slab untuk BjTP diameter < 12 mm, cara Manual (untuk bangunan gedung) | E28: Kg | G28: ='HSP PRSPN,STR,ARS'!D248 -> 13579 | H28: =G28*F28 -> 0
B29: e | C29: 2.2.1.1.2 | D29: 1 Kg Penulangan slab untuk BjTP diameter ≥ 12 mm, cara semi mekanis (untuk bangunan gedung) | E29: Kg | G29: ='HSP PRSPN,STR,ARS'!D250 -> 11567 | H29: =G29*F29 -> 0
B30: f | C30: 2.2.1.5.4 | D30: 1 m3 beton mutu sedang f'c 20 Mpa Slump (100 ± 25) mm, agregat maks 19 mm secara semi mekanis | E30: m3 | G30: ='HSP PRSPN,STR,ARS'!D301 -> 24018197 | H30: =G30*F30 -> 0
D31: Pondasi Strauss Pile
C32: 2.2.2.3.6 | D32: Pengeboran 1 m' Lubang bored Pile ø 30 cm pada tanah sedang (manual) | E32: m' | G32: ='HSP PRSPN,STR,ARS'!D376 -> 33000
C33: 2.2.1.1.1 | D33: 1 Kg Penulangan slab untuk BjTP diameter < 12 mm, cara Manual (untuk bangunan gedung) | E33: Kg | G33: ='HSP PRSPN,STR,ARS'!D253 -> 12029
C34: 2.2.1.1.2 | D34: 1 Kg Penulangan slab untuk BjTP diameter ≥ 12 mm, cara semi mekanis (untuk bangunan gedung) | E34: Kg | G34: ='HSP PRSPN,STR,ARS'!D255 -> 12909
C35: 2.2.1.5.4 | D35: 1 m3 beton mutu sedang f'c 20 Mpa Slump (100 ± 25) mm, agregat maks 19 mm secara semi mekanis | E35: m3 | G35: =G30 -> 24018197
B36: JUMLAH I | H36: =SUM(H19:H35) -> 22925065
B37: II. | D37: Pekerjaan Sloff
B38: 1 | C38: 2.2.1.3.2 | D38: (K3) Pemasangan 1 m2 bekisting untuk sloof | E38: m2 | F38: ='[425]BEKISTING SLOFF'!$Q$49 -> 2.49 | G38: ='HSP PRSPN,STR,ARS'!D279 -> 110968 | H38: =G38*F38 -> 276310.32
B39: 2 | C39: 2.2.1.1.3 | D39: 1 Kg Penulangan kolom, balok, ring balk dan sloof untuk BjTP diameter < 12 mm, cara manual (untuk bangunan gedung) | E39: Kg | F39: ='[425]PEMBESIAN SLOFF'!$Q$51 -> 69.72 | G39: =G29 -> 11567 | H39: =G39*F39 -> 806451.24
B40: 3 | C40: 2.2.1.1.4 | D40: 1 Kg Penulangan kolom, balok, ring balk dan sloof untuk BjTP diameter ≥ 12 mm, cara semi mekanis (untuk bangunan gedung) | E40: Kg | F40: ='[425]PEMBESIAN SLOFF'!$Q$50 -> 147.74 | G40: =G28 -> 13579 | H40: =G40*F40 -> 2006161.5
B41: 4 | C41: 2.2.1.5.4 | D41: 1 m3 beton mutu sedang f'c 20 Mpa Slump (100 ± 25) mm, agregat maks 19 mm secara semi mekanis | E41: m3 | F41: ='[425]BETON SLOFF'!$Q$49 -> 1.245 | G41: =G35 -> 24018197 | H41: =G41*F41 -> 29902655
B42: 5 | D42: Membuat 1 m’ sloof praktis beton bertulang (10 x 15) cm | E42: m' | F42: =F62 -> 41.5 | G42: =G62 -> 63591 | H42: =G42*F42 -> 2639026.5
B43: JUMLAH II | H43: =SUM(H38:H42) -> 35630605
B44: III. | D44: Pekerjaan Kolom
B45: 1 | C45: 2.2.1.3.3 | D45: (K3) Pemasangan 1 m2 bekisting untuk kolom | E45: m2 | F45: ='[425]BEKISTING KOLOM'!$R$47 -> 31.5 | G45: ='HSP PRSPN,STR,ARS'!D280 -> 150113 | H45: =G45*F45 -> 4728559.5
B46: 2 | C46: 2.2.1.1.3 | D46: 1 Kg Penulangan kolom, balok, ring balk dan sloof untuk BjTP diameter < 12 mm, cara manual (untuk bangunan gedung) | E46: Kg | F46: ='[425]PEMBESIAN KOLOM'!$O$54 -> 73.5 | G46: =G39 -> 11567 | H46: =G46*F46 -> 850174.5
B47: 3 | C47: 2.2.1.1.4 | D47: 1 Kg Penulangan kolom, balok, ring balk dan sloof untuk BjTP diameter ≥ 12 mm, cara semi mekanis (untuk bangunan gedung) | E47: Kg | F47: ='[425]PEMBESIAN KOLOM'!$O$53 -> 186.9 | G47: =G40 -> 13579 | H47: =G47*F47 -> 2537915.1
B48: 4 | C48: 2.2.1.5.4 | D48: 1 m3 beton mutu sedang f'c 20 Mpa Slump (100 ± 25) mm, agregat maks 19 mm secara semi mekanis | E48: m3 | F48: ='[425]BETON KOLOM'!$O$49 -> 1.18125 | G48: =G41 -> 24018197 | H48: =G48*F48 -> 28371495
D49: Pekerjaan Kolom Pedestal
B50: 1 | C50: 2.2.1.3.3 | D50: (K3) Pemasangan 1 m2 bekisting untuk kolom | E50: m2 | G50: ='HSP PRSPN,STR,ARS'!D285 -> 34519 | H50: =G50*F50 -> 0
B51: 2 | C51: 2.2.1.1.3 | D51: 1 Kg Penulangan kolom, balok, ring balk dan sloof untuk BjTP diameter < 12 mm, cara manual (untuk bangunan gedung) | E51: Kg | G51: =G44 -> 0 | H51: =G51*F51 -> 0
B52: 3 | C52: 2.2.1.1.4 | D52: 1 Kg Penulangan kolom, balok, ring balk dan sloof untuk BjTP diameter ≥ 12 mm, cara semi mekanis (untuk bangunan gedung) | E52: Kg | G52: =G45 -> 150113 | H52: =G52*F52 -> 0
B53: 4 | C53: 2.2.1.5.4 | D53: 1 m3 beton mutu sedang f'c 20 Mpa Slump (100 ± 25) mm, agregat maks 19 mm secara semi mekanis | E53: m3 | G53: =G48 -> 24018197 | H53: =G53*F53 -> 0
C54: 2.2.1.11.1 | D54: 1 m3 Pekerjaan Grouting secara manual pada bangunan gedung
B55: 5 | C55: 2.2.1.10.1 | D55: Membuat 1 m’ kolom praktis beton bertulang (11 x 11) cm | E55: m' | F55: 56.55 | G55: ='[426]HSP PERSIAPN,STR,ARS'!D297 -> 42933 | H55: =G55*F55 -> 2427861.1
B56: JUMLAH III | H56: =SUM(H45:H55) -> 38916005
B57: IV. | D57: Pekerjaan Balok Beton
B58: 1 | C58: 2.2.1.3.4 | D58: Pemasangan 1 m² bekisting untuk balok (3 kali pakai) | E58: m2 | F58: ='[425]BEKISTING BALOK'!$O$47 -> 2.49 | G58: ='HSP PRSPN,STR,ARS'!D281 -> 150123 | H58: =G58*F58 -> 373806.27
B59: 2 | C59: 2.2.1.1.3 | D59: 1 Kg Penulangan kolom, balok, ring balk dan sloof untuk BjTP diameter < 12 mm, cara manual (untuk bangunan gedung) | E59: Kg | F59: ='[425]PEMBESIAN BALOK'!$O$51 -> 69.72 | G59: =G46 -> 11567 | H59: =G59*F59 -> 806451.24
B60: 3 | C60: 2.2.1.1.4 | D60: 1 Kg Penulangan kolom, balok, ring balk dan sloof untuk BjTP diameter ≥ 12 mm, cara semi mekanis (untuk bangunan gedung) | E60: Kg | F60: ='[425]PEMBESIAN BALOK'!$O$50 -> 147.74 | G60: =G47 -> 13579 | H60: =G60*F60 -> 2006161.5
B61: 4 | C61: 2.2.1.5.4 | D61: 1 m3 beton mutu sedang f'c 20 Mpa Slump (100 ± 25) mm, agregat maks 19 mm secara semi mekanis | E61: m3 | F61: ='[425]BETON BALOK'!$O$49 -> 1.245 | G61: =G53 -> 24018197 | H61: =G61*F61 -> 29902655
B62: 5 | C62: 2.2.1.10.2 | D62: Membuat 1 m’ ring balok beton bertulang (10 x 15) cm/Gunungan | E62: m' | F62: ='[425]RING BALK PRAKTIS'!$O$40 -> 41.5 | G62: ='[426]HSP PERSIAPN,STR,ARS'!D298 -> 63591 | H62: =G62*F62 -> 2639026.5
B63: JUMLAH IV | H63: =SUM(H58:H62) -> 35728101
B64: IV. | D64: Pekerjaan Tangga beton
B65: 1 | C65: 2.2.1.3.7 | D65: Pemasangan 1 m² bekisting untuk tangga (3 kali pakai) | E65: m2 | G65: ='HSP PRSPN,STR,ARS'!D284 -> 149567 | H65: =G65*F65 -> 0
B66: 2 | C66: 2.2.1.1.3 | D66: 1 Kg Penulangan kolom, balok, ring balk dan sloof untuk BjTP diameter < 12 mm, cara manual (untuk bangunan gedung) | E66: Kg | G66: =G59 -> 11567 | H66: =G66*F66 -> 0
B67: 3 | C67: 2.2.1.1.4 | D67: 1 Kg Penulangan kolom, balok, ring balk dan sloof untuk BjTP diameter ≥ 12 mm, cara semi mekanis (untuk bangunan gedung) | E67: Kg | G67: =G60 -> 13579 | H67: =G67*F67 -> 0
B68: 4 | C68: 2.2.1.5.4 | D68: 1 m3 beton mutu sedang f'c 20 Mpa Slump (100 ± 25) mm, agregat maks 19 mm secara semi mekanis | E68: m3 | G68: =G61 -> 24018197 | H68: =G68*F68 -> 0
B69: JUMLAH IV | H69: =SUM(H65:H68) -> 0
B70: IV. | D70: Pekerjaan Lantai beton | E70: m2
B71: 1 | C71: 2.2.1.3.5 | D71: Pemasangan 1 m² bekisting untuk plat lantai (3 kali pakai) | E71: Kg | G71: ='HSP PRSPN,STR,ARS'!D282 -> 164413 | H71: =G71*F71 -> 0
B72: 2 | C72: 2.2.1.1.3 | D72: 1 Kg Penulangan kolom, balok, ring balk dan sloof untuk BjTP diameter < 12 mm, cara manual (untuk bangunan gedung) | E72: Kg | G72: =G66 -> 11567 | H72: =G72*F72 -> 0
B73: 3 | C73: 2.2.1.1.4 | D73: 1 Kg Penulangan kolom, balok, ring balk dan sloof untuk BjTP diameter ≥ 12 mm, cara semi mekanis (untuk bangunan gedung) | E73: m3 | G73: =G67 -> 13579 | H73: =G73*F73 -> 0
B74: 4 | C74: 2.2.1.5.4 | D74: 1 m3 beton mutu sedang f'c 20 Mpa Slump (100 ± 25) mm, agregat maks 19 mm secara semi mekanis | G74: =G68 -> 24018197 | H74: =G74*F74 -> 0
B75: JUMLAH IV | H75: =SUM(H71:H74) -> 0
B76: V. | D76: Pekerjaan Struktur Atap
D77: Stuktur Kayu
B78: 1 | C78: 2.1.2.1 | D78: Pemasangan 1 m³ konstruksi kuda-kuda konvensional, kayu kelas I, II dan III bentang 6 meter | E78: m3 | G78: ='HSP PRSPN,STR,ARS'!D192 -> 1698740.4 | H78: =G78*F78 -> 0
B79: 2 | C79: 2.1.2.3 | D79: Pemasangan 1 m³ konstruksi gordeng, kayu kelas II | E79: m3 | G79: ='HSP PRSPN,STR,ARS'!D193 -> 1530182.5 | H79: =G79*F79 -> 0
B80: 3 | C80: 2.1.2.4 | D80: Pemasangan 1 m² rangka atap genteng keramik, kayu kelas II | E80: m2 | G80: ='HSP PRSPN,STR,ARS'!D195 -> 35326.5 | H80: =G80*F80 -> 0
D82: Stuktur Baja Ringan
B83: 1 | C83: 2.1.1.1 | D83: Pemasangan 1 m² atap pelana rangka atap baja ringan canai dingin profil C75 35.15 | E83: m2 | F83: 197.989 | G83: ='HSP PRSPN,STR,ARS'!D232 -> 247860 | H83: =G83*F83 -> 49073554
B84: 2 | C84: 2.1.1.2 | D84: Pemasangan 1 m² atap jurai/limasan rangka atap baja ringan canai dingin profil C75 | E84: m2 | G84: ='HSP PRSPN,STR,ARS'!D233 -> 237779 | H84: =G84*F84 -> 0
B85: 3 | C85: 2.1.1.4 | D85: Pemasangan 1 m Reng Baja Ringan R.32 tebal 0,45 mm | E85: m' | G85: ='HSP PRSPN,STR,ARS'!D235 -> 58872 | H85: =G85*F85 -> 0
B86: JUMLAH V | H86: =SUM(H83:H85) -> 49073554
B87: JUMLAH B (I - V) | H87: =H86+H75+H69+H63+H56+H43+H36 -> 1.8227333e+08
B88: V. | D88: Pekerjaan Struktur Baja
B89: 1 | C89: 2.3.1.1 | D89: 1 kg Pabrikasi dan Ereksi Baja Profil IWF 200X100 | E89: Kg | G89: ='HSP PRSPN,STR,ARS'!D423 -> 19698 | H89: =G89*F89 -> 0
B90: 2 | C90: 2.3.1.1 | D90: 1 kg Pabrikasi dan Ereksi Baja Profil IWF 250X100 | E90: Kg | G90: ='HSP PRSPN,STR,ARS'!D423 -> 19698 | H90: =G90*F90 -> 0
B91: 3 | C91: 2.3.1.2 | D91: 1 kg Pemasangan angkur | E91: Kg | G91: ='HSP PRSPN,STR,ARS'!D424 -> 20916 | H91: =G91*F91 -> 0
B92: 4 | C92: 2.3.1.3 | D92: 1 kg Pemasangan baut | E92: Kg | G92: ='HSP PRSPN,STR,ARS'!D425 -> 20104 | H92: =G92*F92 -> 0
B93: 5 | C93: 2.3.1.4 | D93: 1 kg Pekerjaan baja pelat secara semi mekanis | E93: Kg | G93: ='HSP PRSPN,STR,ARS'!D426 -> 21992 | H93: =G93*F93 -> 0
B94: 6 | C94: 2.3.1.5 | D94: 1 kg Pekerjaan baja profil siku dengan pengelasan secara semi mekanis | E94: Kg | G94: ='HSP PRSPN,STR,ARS'!D427 -> 21992 | H94: =G94*F94 -> 0
B95: 7 | C95: 2.3.1.6 | D95: 1 kg Pekerjaan Baja Profil Siku tanpa Pengelasan Secara Manual | E95: Kg | G95: ='HSP PRSPN,STR,ARS'!D428 -> 19640 | H95: =G95*F95 -> 0
B96: JUMLAH V | H96: =SUM(H89:H95) -> 0
B97: JUMLAH B (I - V) | H97: =H96+H87+H75+H69+H62+H55+H42 -> 1.8997924e+08
B98: C | D98: PEKERJAAN ARSITEKTUR
B99: I. | D99: Pekerjaan Dinding
B100: 1 | C100: 3.6.1.9 | D100: Pemasangan 1 m2 Dinding Bata Merah Tebal ½ Batu dengan Mortar Tipe O, fc’ 2,4 MPa (Setara Campuran 1SP : 5PP) | E100: m2 | F100: =#REF! -> #REF! | G100: ='HSP PRSPN,STR,ARS'!D612 -> 938861 | H100: =G100*F100 -> #REF!
B101: 2 | C101: 3.6.1.7 | D101: Pemasangan 1 m2 Dinding Bata Merah Tebal 1 Batu dengan Mortar Tipe S,fc’ 12, 5 MPa (Setara Campuran 1SP : 3PP) | E101: m2 | F101: =#REF! -> #REF! | G101: ='HSP PRSPN,STR,ARS'!D610 -> 990396 | H101: =G101*F101 -> #REF!
B102: 3 | C102: 3.7.5 | D102: Pemasangan 1 m2 Plesteran 1SP : 5PP Tebal 15 mm | E102: m2 | F102: =#REF! -> #REF! | G102: ='HSP PRSPN,STR,ARS'!D649 -> 98186 | H102: =G102*F102 -> #REF!
B103: 4 | C103: 3.7.3 | D103: Pemasangan 1 m2 Plesteran 1SP : 3PP Tebal 15mm | E103: m2 | F103: =#REF! -> #REF! | G103: ='HSP PRSPN,STR,ARS'!D647 -> 126665 | H103: =G103*F103 -> #REF!
B104: 5 | C104: 3.7.8 | D104: Pemasangan 1 m2 Acian | E104: m2 | F104: =#REF! -> #REF! | G104: ='HSP PRSPN,STR,ARS'!D652 -> 76626 | H104: =G104*F104 -> #REF!
B105: 6 | C105: 3.7.10 | D105: Pemasangan 1 m’ Plesteran Skoning 1SP : 3PP Lebar 10 cm | E105: m' | F105: =#REF! -> #REF! | G105: ='HSP PRSPN,STR,ARS'!D654 -> 59031 | H105: =G105*F105 -> #REF!
...

Sheet HSP PRSPN,STR,ARS
A1: HARGA SATUAN PEKERJAAN
A2: PEKERJAAN PERSIAPAN, STRUKTUR, ARSITEKTUR
A4: No. Mata Pembayaran | B4: Uraian | C4: Satuan | D4: Harga Satuan (Rp)
A6: 1 | B6: PERSIAPAN LAPANGAN/SITE WORK
A7: 1.1 | B7: PEKERJAAN PERSIAPAN
A8: 1.1.1 | B8: Pembuatan pagar proyek | F8: =A8 -> 1.1.1
A9: 1.1.1.1 | B9: Pembuatan 1 m' pagar sementara dari kayu tinggi 2 meter | C9: m' | D9: ='1. AHS PERSIAPAN CK'!G27 -> 2056802
A10: 1.1.1.2 | B10: Pembuatan 1 m' pagar sementara dari seng gelombang rangka kayu tinggi 2 meter | C10: m' | D10: ='1. AHS PERSIAPAN CK'!G51 -> 2034551.2
A11: 1.1.1.3. | B11: Pembuatan 1 m' pagar sementara dari kawat duri tinggi 2meter | C11: m' | D11: ='1. AHS PERSIAPAN CK'!G75 -> 2225878.6
A12: 1.1.1.4. | B12: Pembuatan 1 m' pagar sementara seng gelombang rangka baja L.40.40.4 tinggi pagar 1,8m | C12: m' | D12: ='1. AHS PERSIAPAN CK'!G95 -> 486233.72
A13: 1.1.1.5. | B13: Pembuatan 1 m' pagar BRC Galvanis | C13: m' | D13: ='1. AHS PERSIAPAN CK'!G112 -> 12281.39
A14: 1.1.1.6. | B14: Pemasangan 1 m² panel beton pracetak 50x50x240 cm untuk pagar | C14: m' | D14: ='1. AHS PERSIAPAN CK'!G134 -> 582076
A16: 1.1.2 | B16: Alat dan/atau sarana penunjang
A17: 1.1.2.1 | B17: 1 buah papan nama proyek uk 0,8x1,2 menggunakan multiflex 18mm, frame besi siku dan tiang kayu 8/12 | C17: buah | D17: ='1. AHS PERSIAPAN CK'!G157 -> 670747
A18: 1.1.2.2 | B18: 1 buah papan nama proyek uk 0,6x0,8 menggunakan multiflex 10mm, frame allumunium siku dan tiang kayu 5/7 Printing banner plastik | C18: buah | D18: ='1. AHS PERSIAPAN CK'!G179 -> 278091
A19: 1.1.2.3 | B19: Pembuatan 1m2 kantor sementara/rumah jaga/gudang semen/peralatan lantai plesteran, dinding setengah bata | C19: m2 | D19: ='1. AHS PERSIAPAN CK'!G210 -> 1542750
A20: 1.1.2.4 | B20: Pembuatan 1m2 direksi keet (kantor), los kerja dan gudang | C20: m2 | D20: ='1. AHS PERSIAPAN CK'!G238 -> 1001734.9
A21: 1.1.2.4.b | B21: Pembuatan 1 m² gudang semen dan peralatan | C21: m2 | D21: ='1. AHS PERSIAPAN CK'!G262 -> 643940
A22: 1.1.2.5 | B22: Pembuatan 1m2 Jalan sementara lapis macadam | C22: m2 | D22: ='1. AHS PERSIAPAN CK'!G286 -> 1487680.6
A23: 1.1.2.6 | B23: Pembuatan 1m2 Jalan sementara (jalan tanah) | C23: m2 | D23: ='1. AHS PERSIAPAN CK'!G300 -> 1180940
A24: 1.1.2.7 | B24: Pembuatan 1m2 Jalan sementara (jalan kerikil) | C24: m2 | D24: ='1. AHS PERSIAPAN CK'!G315 -> 1261790
A26: 1.1.3 | B26: Pembersihan dan pengupasan permukaan tanah
A27: 1.1.3.1 | B27: 1 m2 pembersihan dan pengupasan permukaan tanah (stiping) sd tanaman Φ 2 cm | C27: m2 | D27: ='1. AHS PERSIAPAN CK'!G330 -> 22000
A28: 1.1.3.2 | B28: Tebas tebang 1 m2 tanaman/tumbuhan D < 5 cm | C28: m2 | D28: ='1. AHS PERSIAPAN CK'!G344 -> 3960
A29: 1.1.3.3 | B29: Tebas tebang 1 m2 tanaman/tumbuhan D > 5 sd 15cm | C29: m2 | D29: ='1. AHS PERSIAPAN CK'!G358 -> 6600
A30: 1.1.3.4 | B30: Tebas tebang 1 batang pohon/tumbuhan D >15 sd 30 cm | C30: batang | D30: ='1. AHS PERSIAPAN CK'!G373 -> 10952.7
A31: 1.1.3.5 | B31: Tebas tebang 1 batang pohon/tumbuhan D > 30 sd 50 cm | C31: batang | D31: ='1. AHS PERSIAPAN CK'!G388 -> 2271.5
A32: 1.1.3.6 | B32: Tebas tebang 1 batang pohon/tumbuhan D > 50 sd 70 cm (diameter pohon diukur 1m di atas permukaan tanah) | C32: batang | D32: ='1. AHS PERSIAPAN CK'!G403 -> 23320
A33: 1.1.3.7 | B33: Tebas tebang 1 batang pohon/tumbuhan D > 75 cm (diameter pohon diukur 1m di atas permukaan tanah) | C33: batang | D33: ='1. AHS PERSIAPAN CK'!G418 -> 33990
A34: 1.1.3.8 | B34: Gali dan cabut 1 tunggul pohon tanaman keras D > 5 sd 15 cm (termasuk pembuangan tunggul tanpa menutup kembali bekas lubang) | C34: tunggul | D34: ='1. AHS PERSIAPAN CK'!G433 -> 19855
A35: 1.1.3.9 | B35: Gali dan cabut 1 tunggul pohon tanaman keras D > 15 sd 30 cm (termasuk pembuangan tunggul tanpa menutup kembali bekas lubang) | C35: tunggul | D35: ='1. AHS PERSIAPAN CK'!G448 -> 23661
A36: 1.1.3.10 | B36: Gali dan cabut 1 tunggul pohon tanaman keras D > 30 sd 50 cm (termasuk pembuangan tunggul tanpa menutup kembali bekas lubang) | C36: tunggul | D36: ='1. AHS PERSIAPAN CK'!G463 -> 26499
A37: 1.1.3.11 | B37: Gali dan cabut 1 tunggul pohon tanaman keras D > 50 sd 75 cm (termasuk pembuangan tunggul tanpa menutup kembali bekas lubang) | C37: tunggul | D37: ='1. AHS PERSIAPAN CK'!G478 -> 38335
A38: 1.1.3.12 | B38: Gali dan cabut 1 tunggul pohon tanaman keras D > 75 cm (termasuk pembuangan tunggul tanpa menutup kembali bekas lubang) | C38: tunggul | D38: ='1. AHS PERSIAPAN CK'!G493 -> 51073
A39: 1.1.3.13 | B39: Gali dan cabut 1 tunggul pohon tanaman keras D > 5 sd 15 cm (termasuk pembuangan tunggul dengan menutup kembali bekas lubang) | C39: tunggul | D39: ='1. AHS PERSIAPAN CK'!G508 -> 20889
A40: 1.1.3.14 | B40: Gali dan cabut 1 tunggul pohon tanaman keras D > 15 sd 30 cm (termasuk pembuangan tunggul dengan menutup kembali bekas lubang) | C40: tunggul | D40: ='1. AHS PERSIAPAN CK'!G523 -> 34485
A41: 1.1.3.15 | B41: Gali dan cabut 1 tunggul pohon tanaman keras D > 30 sd 50 cm (termasuk pembuangan tunggul dengan menutup kembali bekas lubang) | C41: tunggul | D41: ='1. AHS PERSIAPAN CK'!G538 -> 43109
A42: 1.1.3.16 | B42: Gali dan cabut 1 tunggul pohon tanaman keras D > 50 sd 75 cm (termasuk pembuangan tunggul dengan menutup kembali bekas lubang) | C42: tunggul | D42: ='1. AHS PERSIAPAN CK'!G553 -> 66055
A43: 1.1.3.17 | B43: Gali dan cabut 1 tunggul pohon tanaman keras D > 75 cm (termasuk pembuangan tunggul dengan menutup kembali bekas lubang) | C43: tunggul | D43: ='1. AHS PERSIAPAN CK'!G568 -> 104764
A45: 1.1.4 | B45: Pengukuran dan pasangan Bouwplank
A46: 1.1.4.1 | B46: Pengukuran Ulang Topografi seluas 1 Ha | C46: ha | D46: ='1. AHS PERSIAPAN CK'!G590 -> 1129249
A47: 1.1.4.2 | B47: Pasangan 1 m ' bouwplank | C47: m' | D47: ='1. AHS PERSIAPAN CK'!G610 -> 4070
A48: 1.1.4.3 | B48: Patok kayu (kaso 5/7) panjang 0,5m' | C48: m' | D48: ='1. AHS PERSIAPAN CK'!G629 -> 13945.8
A49: 1.1.4.4 | B49: Patok kayu (kaso 5/7) panjang 1 m' | C49: m' | D49: ='1. AHS PERSIAPAN CK'!G648 -> 14877.5
A50: 1.1.4.5 | B50: Patok Tetap Bantu (PTB) | D50: ='1. AHS PERSIAPAN CK'!G665 -> 477179.94
A51: 1.1.4.6 | B51: Patok Tetap Utama (PTU) | D51: ='1. AHS PERSIAPAN CK'!G683 -> 1541369.8
A53: 1.2 | B53: PEKERJAAN GALIAN TANAH
A54: 1.2.1 | B54: Tanah Biasa
A55: 1.2.1.1 | B55: Cara Manual
A56: 1.2.1.1.1 | B56: Penggalian 1 m³ tanah biasa sedalam 0 sd 1 m untuk volume sd 200 m3 secara manual | C56: m3 | D56: ='1. AHS PERSIAPAN CK'!G700 -> 90860
A57: 1.2.1.1.2 | B57: Penggalian 1 m³ tanah biasa sedalam 0 sd 1 m untuk volume 200 sd 2000 m3 secara manual | C57: m3 | D57: ='1. AHS PERSIAPAN CK'!G714 -> 74316
A58: 1.2.1.1.3 | B58: Penggalian 1 m³ tanah biasa sedalam 0 sd 1 m untuk volume > 2000 m3 secara manual | C58: m3 | D58: ='1. AHS PERSIAPAN CK'!G728 -> 52800
A59: 1.2.1.1.4 | B59: Penggalian 1 m³ tanah biasa sedalam > 1 sd 2 m untuk volume sd 200 m3 secara manual | C59: m3 | D59: ='1. AHS PERSIAPAN CK'!G742 -> 108900
A60: 1.2.1.1.5 | B60: Penggalian 1 m³ tanah biasa sedalam > 1 sd 2 m untuk volume > 200 m3 secara manual | C60: m3 | D60: ='1. AHS PERSIAPAN CK'!G756 -> 89100
A61: 1.2.1.1.6 | B61: Penggalian 1 m³ tanah biasa sedalam > 2 sd 3 m untuk volume sd 200 m3 secara manual | C61: m3 | D61: ='1. AHS PERSIAPAN CK'!G770 -> 130240
A62: 1.2.1.1.7 | B62: Penggalian 1 m³ tanah biasa sedalam > 2 sd 3 m untuk volume > 200 m3 secara manual | C62: m3 | D62: ='1. AHS PERSIAPAN CK'!G784 -> 100320
A63: 1.2.1.1.8 | B63: Penggalian 1 m³ tanah biasa sedalam > 3 m, setiap penambahan kedalaman 1 m secara manual | C63: m3 | D63: ='1. AHS PERSIAPAN CK'!G798 -> 84150
A65: 1.2.1.2 | B65: Cara Semi Mekanis
A66: 1.2.1.2.1 | B66: Penggalian 1 m³ tanah biasa sedalam > 0 sd 1 m secara semi mekanis | C66: m3 | D66: ='1. AHS PERSIAPAN CK'!G814 -> 18315
A67: 1.2.1.2.2 | B67: Penggalian 1 m³ tanah biasa sedalam > 1 sd 2 m secara semi mekanis | C67: m3 | D67: ='1. AHS PERSIAPAN CK'!G829 -> 25333
A68: 1.2.1.2.3 | B68: Penggalian 1 m³ tanah biasa sedalam > 2 sd 3 m secara semi mekanis | C68: m3 | D68: ='1. AHS PERSIAPAN CK'!G844 -> 33550
A69: 1.2.1.2.4 | B69: Penggalian 1 m³ tanah biasa sedalam > 3 m untuk setiap penambahan kedalaman 1 m secara semi mekanis | C69: m3 | D69: ='1. AHS PERSIAPAN CK'!G859 -> 9933
A71: 1.2.2 | B71: Pasir
A72: 1.2.2.1 | B72: Cara manual
A73: 1.2.2.1.1 | B73: Penggalian 1 m³ pasir sedalam 0 sd 1 m secara manual | C73: m3 | D73: ='1. AHS PERSIAPAN CK'!G875 -> 87120
A74: 1.2.2.1.2 | B74: Penggalian 1 m³ pasir sedalam > 1 sd 2 m secara manual | C74: m3 | D74: ='1. AHS PERSIAPAN CK'!G890 -> 105600
A75: 1.2.2.1.3 | B75: Penggalian 1 m³ pasir sedalam > 2 sd 3 m secara manual | C75: m3 | D75: ='1. AHS PERSIAPAN CK'!G904 -> 121440
A76: 1.2.2.1.4 | B76: Penggalian 1 m³ pasir sedalam > 3 m, setiap penambahan kedalaman 1 m secara manual | C76: m3 | D76: ='1. AHS PERSIAPAN CK'!G918 -> 13200
A78: 1.2.2.2 | B78: Cara Semi Mekanis
A79: 1.2.2.2.1 | B79: Penggalian 1 m³ pasir sedalam > 0 sd 1 m secara semi mekanis | C79: m3 | D79: ='1. AHS PERSIAPAN CK'!G934 -> 33440
A80: 1.2.2.2.2 | B80: Penggalian 1 m³ pasir sedalam > 1 sd 2 m secara semi mekanis | C80: m3 | D80: ='1. AHS PERSIAPAN CK'!G949 -> 35585
A81: 1.2.2.2.3 | B81: Penggalian 1 m³ pasir sedalam > 2 sd 3 m secara semi mekanis | C81: m3 | D81: ='1. AHS PERSIAPAN CK'!G964 -> 37752
A82: 1.2.2.2.4 | B82: Penggalian 1 m³ pasir sedalam > 3 m untuk setiap penambahan kedalaman 1 m secara semi mekanis | C82: m3 | D82: ='1. AHS PERSIAPAN CK'!G979 -> 2222
A84: 1.2.3 | B84: Tanah Berbatu
A85: 1.2.3.1 | B85: Cara manual
A86: 1.2.3.1.1 | B86: Penggalian 1 m³ tanah berbatu sedalam > 0 sd 1 m secara manual | C86: m3 | D86: ='1. AHS PERSIAPAN CK'!G995 -> 178332
A87: 1.2.3.1.2 | B87: Penggalian 1 m³ tanah berbatu sedalam > 1 sd 2 m secara manual | C87: m3 | D87: ='1. AHS PERSIAPAN CK'!G1010 -> 198000
A88: 1.2.3.1.3 | B88: Penggalian 1 m³ tanah berbatu sedalam > 2 sd 3 m secara manual | C88: m3 | D88: ='1. AHS PERSIAPAN CK'!G1024 -> 217800
A89: 1.2.3.1.4 | B89: Penggalian 1 m³ pasir sedalam > 3 m, setiap penambahan kedalaman 1 m secara manual | C89: m3 | D89: ='1. AHS PERSIAPAN CK'!G1038 -> 18480
A91: 1.2.3.2 | B91: Cara Semi Mekanis
A92: 1.2.3.2.1 | B92: Penggalian 1 m³ tanah berbatu sedalam > 0 sd 1 m secara semi mekanis | C92: m3 | D92: ='1. AHS PERSIAPAN CK'!G1054 -> 40739.6
A93: 1.2.3.2.2 | B93: Penggalian 1 m³ tanah berbatu sedalam > 1 sd 2 m secara semi mekanis | C93: m3 | D93: ='1. AHS PERSIAPAN CK'!G1069 -> 53009
A94: 1.2.3.2.3 | B94: Penggalian 1 m³ tanah berbatu sedalam > 2 sd 3 m secara semi mekanis | C94: m3 | D94: ='1. AHS PERSIAPAN CK'!G1084 -> 67452
A95: 1.2.3.2.4 | B95: Penggalian 1 m³ tanah berbatu sedalam > 3 m untuk setiap penambahan kedalaman 1 m secara semi mekanis | C95: m3 | D95: ='1. AHS PERSIAPAN CK'!G1099 -> 18535
A97: 1.2.4 | B97: Tanah Keras atau Cadas
A98: 1.2.4.1 | B98: Cara manual
A99: 1.2.4.1.1 | B99: Penggalian 1 m³ cadas atau tanah keras sedalam > 0 sd 1 m untuk volume sd. 200 m3 secara manual | C99: m3 | D99: ='1. AHS PERSIAPAN CK'!G1115 -> 181500
A100: 1.2.4.1.2 | B100: Penggalian 1 m³ cadas atau tanah keras sedalam > 0 sd 1 m untuk volume > 200 m3 secara manual | C100: m3 | D100: ='1. AHS PERSIAPAN CK'!G1130 -> 165000
A101: 1.2.4.1.3 | B101: Penggalian 1 m³ cadas atau tanah keras sedalam > 1 sd 2 m untuk volume sd. 200 m3 secara manual | C101: m3 | D101: ='1. AHS PERSIAPAN CK'!G1144 -> 178200
A102: 1.2.4.1.4 | B102: Penggalian 1 m³ cadas atau tanah keras sedalam > 1 sd 2 m untuk volume > 200 m3 secara manual | C102: m3 | D102: ='1. AHS PERSIAPAN CK'!G1158 -> 183744
A103: 1.2.4.1.5 | B103: Penggalian 1 m³ cadas atau tanah keras sedalam > 2 sd3 m untuk volume sd. 200 m3 secara manual | C103: m3 | D103: ='1. AHS PERSIAPAN CK'!G1172 -> 198000
A104: 1.2.4.1.6 | B104: Penggalian 1 m³ cadas atau tanah keras sedalam > 3 m tiap tambah dalam 1 m secara manual | C104: m3 | D104: ='1. AHS PERSIAPAN CK'!G1186 -> 13200
A106: 1.2.4.2 | B106: Cara Semi Mekanis
A107: 1.2.4.2.1 | B107: Penggalian 1 m³ cadas atau tanah keras sedalam > 0 sd 1 m secara semi mekanis | C107: m3 | D107: ='1. AHS PERSIAPAN CK'!G1203 -> 30635
A108: 1.2.4.2.2 | B108: Penggalian 1 m³ cadas atau tanah keras sedalam > 1 sd 2 m secara semi mekanis | C108: m3 | D108: ='1. AHS PERSIAPAN CK'!G1218 -> 40686.8
A109: 1.2.4.2.3 | B109: Penggalian 1 m³ cadas atau tanah keras sedalam > 2 sd 3 m secara semi mekanis | C109: m3 | D109: ='1. AHS PERSIAPAN CK'!G1233 -> 52514
A110: 1.2.4.2.4 | B110: Penggalian 1 m³ cadas atau tanah keras sedalam > 3 m untuk setiap penambahan kedalaman 1 m secara semi mekanis | C110: m3 | D110: ='1. AHS PERSIAPAN CK'!G1248 -> 13244
A112: 1.2.5 | B112: Lumpur
A113: 1.2.5.1 | B113: Cara manual
A114: 1.2.5.1.1 | B114: Penggalian 1 m³ galian lumpur sedalam > 0 sd 1 m untuk volume sd. 200 m3 secara manual | C114: m3 | D114: ='1. AHS PERSIAPAN CK'!G1264 -> 145200
...

Sheet 1. AHS PERSIAPAN CK
A1: 1 | B1: PERSIAPAN LAPANGAN/SITE WORK
A2: 1.1 | B2: PEKERJAAN PERSIAPAN
A3: 1.1.1 | B3: Pembuatan pagar proyek
A4: 1.1.1.1 | B4: Pembuatan 1 m' pagar sementara dari kayu tinggi 2 meter
A5: No | B5: Uraian | C5: Kode | D5: Satuan | E5: Koefisien | F5: Harga Satuan (Rp.) | G5: Jumlah Harga (Rp.)
A6: A | B6: TENAGA
B7: Pekerja | C7: L.01 | D7: OH | E7: 0.6 | F7: =VLOOKUP(B7,'HSD PSPN,STR,ARS'!$C$6:F724,4,FALSE) -> 100000 | G7: =E7*F7 -> 60000
B8: Tukang Kayu | C8: L.02 | D8: OH | E8: 0.2 | F8: =VLOOKUP(B8,'HSD PSPN,STR,ARS'!$C$6:F724,4,FALSE) -> 150000 | G8: =E8*F8 -> 30000
B9: Tukang batu | C9: L.02 | D9: OH | E9: 0.2 | F9: ='HSD PSPN,STR,ARS'!F10 -> 150000 | G9: =E9*F9 -> 30000
B10: Kepala Tukang | C10: L.03 | D10: OH | E10: 0.04 | F10: =VLOOKUP(B10,'HSD PSPN,STR,ARS'!$C$6:F724,4,FALSE) -> 150000 | G10: =E10*F10 -> 6000
B11: Mandor | C11: L.04 | D11: OH | E11: 0.013 | F11: =VLOOKUP(B11,'HSD PSPN,STR,ARS'!$C$6:F724,4,FALSE) -> 200000 | G11: =E11*F11 -> 2600
A12: Jumlah Harga Tenaga Kerja | G12: =SUM(G7:G11) -> 128600
A13: B | B13: BAHAN
B14: kaso kayu5/7 kayu kelas II | D14: m3 | E14: 0.0387 | F14: ='HSD PSPN,STR,ARS'!F718 -> 10000 | G14: =E14*F14 -> 387
B15: Papan Kayu Uk 2/20cm | D15: m3 | E15: 0.0396 | F15: ='HSD PSPN,STR,ARS'!F202 -> 10000 | G15: =E15*F15 -> 396
B16: Paku biasa | D16: Kg | E16: 0.5872 | F16: =VLOOKUP(B16,'HSD PSPN,STR,ARS'!$C$6:F724,4,FALSE) -> 10000 | G16: =E16*F16 -> 5872
B17: Semen Portland | D17: Kg | E17: 26.406 | F17: =VLOOKUP(B17,'HSD PSPN,STR,ARS'!$C$6:F724,4,FALSE) -> 10000 | G17: =E17*F17 -> 264060
B18: Pasir beton | D18: Kg | E18: 61.56 | F18: =VLOOKUP(B18,'HSD PSPN,STR,ARS'!$C$6:F724,4,FALSE) -> 10000 | G18: =E18*F18 -> 615600
B19: Kerikil | D19: Kg | E19: 83.349 | F19: ='HSD PSPN,STR,ARS'!F613 -> 10000 | G19: =E19*F19 -> 833490
B20: Air | D20: Liter | E20: 17.415 | F20: =VLOOKUP(B20,'HSD PSPN,STR,ARS'!$C$6:F724,4,FALSE) -> 1000 | G20: =E20*F20 -> 17415
B21: Residu atau ter | D21: Liter | E21: 0.4 | F21: =VLOOKUP(B21,'HSD PSPN,STR,ARS'!$C$6:F724,4,FALSE) -> 10000 | G21: =E21*F21 -> 4000
A22: Jumlah Harga Bahan | G22: =SUM(G14:G21) -> 1741220
A23: C | B23: PERALATAN
A24: Jumlah Harga Alat | G24: =SUM(G23) -> 0
A25: D | B25: Jumlah Harga Tenaga Kerja, Bahan dan Peralatan (A+B+C) | G25: =SUM(G7:G24)/2 -> 1869820
A26: E | B26: Biaya Umum dan Keuntungan (10% - 15%) x D | F26: 0.1 | G26: =G25*F26 -> 186982
A27: F | B27: Harga Satuan Pekerjaan (D+E) | G27: =G25+G26 -> 2056802
A29: A.1.1.1.2 | B29: Pembuatan 1 m' pagar sementara dari seng gelombang rangka kayu tinggi 2 meter
A30: No | B30: Uraian | C30: Kode | D30: Satuan | E30: Koefisien | F30: Harga Satuan (Rp.) | G30: Jumlah Harga (Rp.)
A31: A | B31: TENAGA
B32: Pekerja | C32: L.01 | D32: OH | E32: 0.25 | F32: =VLOOKUP(B32,'HSD PSPN,STR,ARS'!$C$6:F724,4,FALSE) -> 100000 | G32: =E32*F32 -> 25000
B33: Tukang Kayu | C33: L.02 | D33: OH | E33: 0.125 | F33: =VLOOKUP(B33,'HSD PSPN,STR,ARS'!$C$6:F724,4,FALSE) -> 150000 | G33: =E33*F33 -> 18750
B34: Tukang batu | C34: L.02 | D34: OH | E34: 0.125 | F34: =VLOOKUP(B34,'HSD PSPN,STR,ARS'!$C$6:F724,4,FALSE) -> 150000 | G34: =E34*F34 -> 18750
B35: Kepala Tukang | C35: L.03 | D35: OH | E35: 0.25 | F35: =VLOOKUP(B35,'HSD PSPN,STR,ARS'!$C$6:F724,4,FALSE) -> 150000 | G35: =E35*F35 -> 37500
B36: Mandor | C36: L.04 | D36: OH | E36: 0.008 | F36: =VLOOKUP(B36,'HSD PSPN,STR,ARS'!$C$6:F724,4,FALSE) -> 200000 | G36: =E36*F36 -> 1600
A37: Jumlah Harga Tenaga Kerja | G37: =SUM(G32:G36) -> 101600
A38: B | B38: BAHAN
B39: Kayu kaso 5/7 | D39: m3 | E39: 0.0031 | F39: =VLOOKUP(B39,'HSD PSPN,STR,ARS'!$C$6:F724,4,FALSE) -> 10000 | G39: =E39*F39 -> 31
B40: Seng gelombang | D40: Lbr | E40: 1.3125 | F40: =VLOOKUP(B40,'HSD PSPN,STR,ARS'!$C$6:F724,4,FALSE) -> 10000 | G40: =E40*F40 -> 13125
B41: Paku biasa | D41: Kg | E41: 0.4271 | F41: =VLOOKUP(B41,'HSD PSPN,STR,ARS'!$C$6:F724,4,FALSE) -> 10000 | G41: =E41*F41 -> 4271
B42: Semen Portland | D42: Kg | E42: 26.406 | F42: =VLOOKUP(B42,'HSD PSPN,STR,ARS'!$C$6:F724,4,FALSE) -> 10000 | G42: =E42*F42 -> 264060
B43: Pasir Beton (Kg) | D43: kg | E43: 61.56 | F43: =VLOOKUP(B43,'HSD PSPN,STR,ARS'!$C$6:F724,4,FALSE) -> 10000 | G43: =E43*F43 -> 615600
B44: Kerikil (Maks 30 mm) | D44: kg | E44: 83.349 | F44: =VLOOKUP(B44,'HSD PSPN,STR,ARS'!$C$6:F724,4,FALSE) -> 10000 | G44: =E44*F44 -> 833490
B45: Air | D45: Liter | E45: 17.415 | F45: =VLOOKUP(B45,'HSD PSPN,STR,ARS'!$C$6:F724,4,FALSE) -> 1000 | G45: =E45*F45 -> 17415
A46: Jumlah Harga Bahan | G46: =SUM(G39:G45) -> 1747992
A47: C | B47: PERALATAN
A48: Jumlah Harga Alat | G48: =SUM(G47) -> 0
A49: D | B49: Jumlah Harga Tenaga Kerja, Bahan dan Peralatan (A+B+C) | G49: =SUM(G31:G48)/2 -> 1849592
A50: E | B50: Biaya Umum dan Keuntungan (10% - 15%) x D | F50: 0.1 | G50: =G49*F50 -> 184959.2
A51: F | B51: Harga Satuan Pekerjaan (D+E) | G51: =G49+G50 -> 2034551.2
A53: A.1.1.1.3. | B53: Pembuatan 1 m' pagar sementara dari kawat duri tinggi 2meter
A54: No | B54: Uraian | C54: Kode | D54: Satuan | E54: Koefisien | F54: Harga Satuan (Rp.) | G54: Jumlah Harga (Rp.)
A55: A | B55: TENAGA
B56: Pekerja | C56: L.01 | D56: OH | E56: 0.308 | F56: =VLOOKUP(B56,'HSD PSPN,STR,ARS'!$C$6:F724,4,FALSE) -> 100000 | G56: =E56*F56 -> 30800
B57: Tukang Kayu | C57: L.02 | D57: OH | E57: 0.154 | F57: =VLOOKUP(B57,'HSD PSPN,STR,ARS'!$C$6:F724,4,FALSE) -> 150000 | G57: =E57*F57 -> 23100
B58: Tukang batu | C58: L.02 | D58: OH | E58: 0.154 | F58: =VLOOKUP(B58,'HSD PSPN,STR,ARS'!$C$6:F724,4,FALSE) -> 150000 | G58: =E58*F58 -> 23100
B59: Kepala Tukang | C59: L.03 | D59: OH | E59: 0.031 | F59: =VLOOKUP(B59,'HSD PSPN,STR,ARS'!$C$6:F724,4,FALSE) -> 150000 | G59: =E59*F59 -> 4650
B60: Mandor | C60: L.04 | D60: OH | E60: 0.01 | F60: =VLOOKUP(B60,'HSD PSPN,STR,ARS'!$C$6:F724,4,FALSE) -> 200000 | G60: =E60*F60 -> 2000
A61: Jumlah Harga Tenaga Kerja | G61: =SUM(G56:G60) -> 83650
A62: B | B62: BAHAN
B63: Kayu kaso 5/7 | D63: m3 | E63: 0.0139 | F63: =VLOOKUP(B63,'HSD PSPN,STR,ARS'!$C$6:F724,4,FALSE) -> 10000 | G63: =E63*F63 -> 139
B64: Kawat duri | D64: m' | E64: 20.4457 | F64: =VLOOKUP(B64,'HSD PSPN,STR,ARS'!$C$6:F724,4,FALSE) -> 10000 | G64: =E64*F64 -> 204457
B65: Paku biasa 2” - 5” | D65: Kg | E65: 0.4715 | F65: =VLOOKUP(B65,'HSD PSPN,STR,ARS'!$C$6:F724,4,FALSE) -> 10000 | G65: =E65*F65 -> 4715
B66: Semen Portland | D66: Kg | E66: 26.406 | F66: =VLOOKUP(B66,'HSD PSPN,STR,ARS'!$C$6:F724,4,FALSE) -> 10000 | G66: =E66*F66 -> 264060
B67: Pasir beton | D67: Kg | E67: 61.56 | F67: =VLOOKUP(B67,'HSD PSPN,STR,ARS'!$C$6:F724,4,FALSE) -> 10000 | G67: =E67*F67 -> 615600
B68: Kerikil (Maks 30 mm) | D68: Kg | E68: 83.349 | F68: =VLOOKUP(B68,'HSD PSPN,STR,ARS'!$C$6:F724,4,FALSE) -> 10000 | G68: =E68*F68 -> 833490
B69: Air | D69: liter | E69: 17.415 | F69: =VLOOKUP(B69,'HSD PSPN,STR,ARS'!$C$6:F724,4,FALSE) -> 1000 | G69: =E69*F69 -> 17415
A70: Jumlah Harga Bahan | G70: =SUM(G63:G69) -> 1939876
A71: C | B71: PERALATAN
A72: Jumlah Harga Alat | G72: =SUM(G71) -> 0
A73: D | B73: Jumlah Harga Tenaga Kerja, Bahan dan Peralatan (A+B+C) | G73: =SUM(G55:G72)/2 -> 2023526
A74: E | B74: Biaya Umum dan Keuntungan (10% - 15%) x D | F74: 0.1 | G74: =G73*F74 -> 202352.6
A75: F | B75: Harga Satuan Pekerjaan (D+E) | G75: =G73+G74 -> 2225878.6
A77: A.1.1.1.4. | B77: Pembuatan 1 m' pagar sementara seng gelombang rangka baja L.40.40.4 tinggi pagar 1,8m
A78: No | B78: Uraian | C78: Kode | D78: Satuan | E78: Koefisien | F78: Harga Satuan (Rp.) | G78: Jumlah Harga (Rp.)
A79: A | B79: TENAGA
B80: Pekerja | C80: L.01 | D80: OH | E80: 0.2 | F80: =VLOOKUP(B80,'HSD PSPN,STR,ARS'!$C$6:F724,4,FALSE) -> 100000 | G80: =E80*F80 -> 20000
B81: Tukang besi | C81: L.02 | D81: OH | E81: 0.1 | F81: =VLOOKUP(B81,'HSD PSPN,STR,ARS'!$C$6:F724,4,FALSE) -> 150000 | G81: =E81*F81 -> 15000
B82: Tukang batu | C82: L.02 | D82: OH | E82: 0.1 | F82: =VLOOKUP(B82,'HSD PSPN,STR,ARS'!$C$6:F724,4,FALSE) -> 150000 | G82: =E82*F82 -> 15000
B83: Mandor | C83: L.04 | D83: OH | E83: 0.02 | F83: =VLOOKUP(B83,'HSD PSPN,STR,ARS'!$C$6:F724,4,FALSE) -> 200000 | G83: =E83*F83 -> 4000
A84: Jumlah Harga Tenaga Kerja | G84: =SUM(G80:G83) -> 54000
A85: B | B85: BAHAN
B86: Seng gelombang | D86: lembar | E86: 1.2 | F86: =VLOOKUP(B86,'HSD PSPN,STR,ARS'!$C$6:F724,4,FALSE) -> 10000 | G86: =E86*F86 -> 12000
B87: Baja L 40.40.4 | D87: kg | E87: 13.5 | F87: =VLOOKUP(B87,'HSD PSPN,STR,ARS'!$C$6:F724,4,FALSE) -> 10000 | G87: =E87*F87 -> 135000
B88: Kawat seng | D88: Kg | E88: 0.3 | F88: =VLOOKUP(B88,'HSD PSPN,STR,ARS'!$C$6:F724,4,FALSE) -> 10000 | G88: =E88*F88 -> 3000
B89: Pasangan batu 20/50 t=40cm | D89: m3 | E89: 0.15 | F89: ='HSP PRSPN,STR,ARS'!D359 -> 1586871 | G89: =E89*F89 -> 238030.65
A90: Jumlah Harga Bahan | G90: =SUM(G86:G89) -> 388030.65
A91: C | B91: PERALATAN
A92: Jumlah Harga Alat | G92: =SUM(G91) -> 0
A93: D | B93: Jumlah Harga Tenaga Kerja, Bahan dan Peralatan (A+B+C) | G93: =SUM(G80:G92)/2 -> 442030.65
A94: E | B94: Biaya Umum dan Keuntungan (10% - 15%) x D | F94: 0.1 | G94: =G93*F94 -> 44203.065
A95: F | B95: Harga Satuan Pekerjaan (D+E) | G95: =G93+G94 -> 486233.72
A97: A.1.1.1.5. | B97: Pembuatan 1 m' pagar BRC Galvanis
A98: No | B98: Uraian | C98: Kode | D98: Satuan | E98: Koefisien | F98: Harga Satuan (Rp.) | G98: Jumlah Harga (Rp.)
A99: A | B99: TENAGA
B100: Pekerja | C100: L.01 | D100: OH | E100: 0.042 | F100: =VLOOKUP(B100,'HSD PSPN,STR,ARS'!$C$6:F724,4,FALSE) -> 100000 | G100: =E100*F100 -> 4200
B101: Tukang kayu | C101: L.02 | D101: OH | E101: 0.04 | F101: =VLOOKUP(B101,'HSD PSPN,STR,ARS'!$C$6:F724,4,FALSE) -> 150000 | G101: =E101*F101 -> 6000
B102: Kepala Tukang | C102: L.02 | D102: OH | E102: 0.004 | F102: =VLOOKUP(B102,'HSD PSPN,STR,ARS'!$C$6:F724,4,FALSE) -> 150000 | G102: =E102*F102 -> 600
B103: Mandor | C103: L.04 | D103: OH | E103: 0.001 | F103: =VLOOKUP(B103,'HSD PSPN,STR,ARS'!$C$6:F724,4,FALSE) -> 200000 | G103: =E103*F103 -> 200
A104: Jumlah Harga Tenaga Kerja | G104: =SUM(G100:G103) -> 11000
...

Sheet 2. AHS STUKTUR CK
A1: 2 | B1: PEKERJAAN STRUKTUR
A2: 2.1 | B2: PEKERJAAN RANGKA ATAP
A3: 2.1.1 | B3: Rangka Atap Baja Ringan
A4: 2.1.1.1 | B4: Pemasangan 1 m² atap pelana rangka atap baja ringan canai dingin profil C75
A5: No | B5: Uraian | C5: Kode | D5: Satuan | E5: Koefisien | F5: Harga Satuan (Rp.) | G5: Jumlah Harga (Rp.)
A6: A | B6: TENAGA
B7: Pekerja | C7: L.01 | D7: OH | E7: 0.1014 | F7: =VLOOKUP(B7,'HSD PSPN,STR,ARS'!$C$6:F724,4,FALSE) -> 100000 | G7: =E7*F7 -> 10140
B8: Tukang Besi | C8: L.02 | D8: OH | E8: 0.0169 | F8: =VLOOKUP(B8,'HSD PSPN,STR,ARS'!$C$6:F724,4,FALSE) -> 150000 | G8: =E8*F8 -> 2535
B9: Kepala Tukang | C9: L.03 | D9: OH | E9: 0.0017 | F9: =VLOOKUP(B9,'HSD PSPN,STR,ARS'!$C$6:F724,4,FALSE) -> 150000 | G9: =E9*F9 -> 255
B10: Mandor | C10: L.04 | D10: OH | E10: 0.0006 | F10: =VLOOKUP(B10,'HSD PSPN,STR,ARS'!$C$6:F724,4,FALSE) -> 200000 | G10: =E10*F10 -> 120
A11: Jumlah Harga Tenaga Kerja | G11: =SUM(G7:G10) -> 13050
A12: B | B12: BAHAN
B13: Baja Ringan C75, t 1mm (Batang Utama) | D13: btg | E13: 0.6137 | F13: =VLOOKUP(B13,'HSD PSPN,STR,ARS'!$C$6:F727,4,FALSE) -> 10000 | G13: =E13*F13 -> 6137
B14: Baja Ringan C75, t 0,75 mm (Batang Pengaku) | D14: btg | E14: 0.5016 | F14: =VLOOKUP(B14,'HSD PSPN,STR,ARS'!$C$6:F728,4,FALSE) -> 10000 | G14: =E14*F14 -> 5016
B15: Baja Ringan C75 t a mm (L Bracet) | D15: btg | E15: 0.0113 | F15: =VLOOKUP(B15,'HSD PSPN,STR,ARS'!$C$6:F729,4,FALSE) -> 10000 | G15: =E15*F15 -> 113
B16: Dynabolt dia. 12x120mm | D16: buah | E16: 0.6429 | F16: =VLOOKUP(B16,'HSD PSPN,STR,ARS'!$C$6:F730,4,FALSE) -> 10000 | G16: =E16*F16 -> 6429
B17: Self drilling screw dia 6x20mm (main truss screw) | D17: buah | E17: 15.75 | F17: =VLOOKUP(B17,'HSD PSPN,STR,ARS'!$C$6:F731,4,FALSE) -> 10000 | G17: =E17*F17 -> 157500
B18: Reng/roof bottom RT 35 t=0,45 mm | D18: btg | E18: 0.3357 | F18: =VLOOKUP(B18,'HSD PSPN,STR,ARS'!$C$6:F732,4,FALSE) -> 10000 | G18: =E18*F18 -> 3357
B19: Self drilling screw dia 4x16mm (Roof Bottom Screw) | D19: buah | E19: 3 | F19: =VLOOKUP(B19,'HSD PSPN,STR,ARS'!$C$6:F733,4,FALSE) -> 10000 | G19: =E19*F19 -> 30000
A20: Jumlah Harga Bahan | G20: =SUM(G13:G19) -> 208552
A21: C | B21: PERALATAN
B22: Mesin Bor Listrik | D22: jam | E22: 0.3726 | F22: =VLOOKUP(B22,'HSD PSPN,STR,ARS'!$C$6:F736,4,FALSE) -> 10000 | G22: =E22*F22 -> 3726
A23: Jumlah Harga Alat | G23: =G22 -> 3726
A24: D | B24: Jumlah Harga Tenaga Kerja, Bahan dan Peralatan (A+B+C) | G24: =SUM(G7:G23)/2 -> 225328
A25: E | B25: Biaya Umum dan Keuntungan (10% - 15%) x D | F25: 0.1 | G25: =G24*F25 -> 22532.8
A26: F | B26: Harga Satuan Pekerjaan (D+E) | G26: =ROUNDDOWN(G24+G25,0) -> 247860
A28: 2.1.1.2 | B28: Pemasangan 1 m² atap jurai/limasan rangka atap baja ringan canai dingin profil C75
A29: No | B29: Uraian | C29: Kode | D29: Satuan | E29: Koefisien | F29: Harga Satuan (Rp.) | G29: Jumlah Harga (Rp.)
A30: A | B30: TENAGA
B31: Pekerja | C31: L.01 | D31: OH | E31: 0.7604 | F31: =VLOOKUP(B31,'HSD PSPN,STR,ARS'!$C$6:F724,4,FALSE) -> 100000 | G31: =E31*F31 -> 76040
B32: Tukang Besi | C32: L.02 | D32: OH | E32: 0.7604 | F32: =VLOOKUP(B32,'HSD PSPN,STR,ARS'!$C$6:F724,4,FALSE) -> 150000 | G32: =E32*F32 -> 114060
B33: Kepala Tukang | C33: L.03 | D33: OH | E33: 0.076 | F33: =VLOOKUP(B33,'HSD PSPN,STR,ARS'!$C$6:F724,4,FALSE) -> 150000 | G33: =E33*F33 -> 11400
B34: Mandor | C34: L.04 | D34: OH | E34: 0.0253 | F34: =VLOOKUP(B34,'HSD PSPN,STR,ARS'!$C$6:F724,4,FALSE) -> 200000 | G34: =E34*F34 -> 5060
A35: Jumlah Harga Tenaga Kerja | G35: =SUM(G31:G34) -> 206560
A36: B | B36: BAHAN
B37: Baja ringan canai dingin C75 | D37: btg | E37: 0.9603 | F37: =VLOOKUP(B37,'HSD PSPN,STR,ARS'!$C$6:F724,4,FALSE) -> 10000 | G37: =E37*F37 -> 9603
A38: Jumlah Harga Bahan | G38: =SUM(G37) -> 9603
A39: C | B39: PERALATAN
A41: Jumlah Harga Alat | G41: =G40 -> 0
A42: D | B42: Jumlah Harga Tenaga Kerja, Bahan dan Peralatan (A+B+C) | G42: =SUM(G31:G41)/2 -> 216163
A43: E | B43: Biaya Umum dan Keuntungan (10% - 15%) x D | F43: 0.1 | G43: =G42*F43 -> 21616.3
A44: F | B44: Harga Satuan Pekerjaan (D+E) | G44: =ROUNDDOWN(G42+G43,0) -> 237779
A46: 2.1.1.3 | B46: Pemasangan 1 m Kaso Baja Ringan C75 tebal 0,75 mm
A47: No | B47: Uraian | C47: Kode | D47: Satuan | E47: Koefisien | F47: Harga Satuan (Rp.) | G47: Jumlah Harga (Rp.)
A48: A | B48: TENAGA
B49: Pekerja | C49: L.01 | D49: OH | E49: 0.0476 | F49: =VLOOKUP(B49,'HSD PSPN,STR,ARS'!$C$6:F724,4,FALSE) -> 100000 | G49: =E49*F49 -> 4760
B50: Tukang Besi | C50: L.02 | D50: OH | E50: 0.0238 | F50: =VLOOKUP(B50,'HSD PSPN,STR,ARS'!$C$6:F724,4,FALSE) -> 150000 | G50: =E50*F50 -> 3570
B51: Kepala Tukang | C51: L.03 | D51: OH | E51: 0.0024 | F51: =VLOOKUP(B51,'HSD PSPN,STR,ARS'!$C$6:F724,4,FALSE) -> 150000 | G51: =E51*F51 -> 360
B52: Mandor | C52: L.04 | D52: OH | E52: 0.0008 | F52: =VLOOKUP(B52,'HSD PSPN,STR,ARS'!$C$6:F724,4,FALSE) -> 200000 | G52: =E52*F52 -> 160
A53: Jumlah Harga Tenaga Kerja | G53: =SUM(G49:G52) -> 8850
A54: B | B54: BAHAN
B55: Kaso baja ringan C75 tebal 0,75mm | D55: m | E55: 1.05 | F55: =VLOOKUP(B55,'HSD PSPN,STR,ARS'!$C$6:F724,4,FALSE) -> 10000 | G55: =E55*F55 -> 10500
B56: Paku keling | D56: buah | E56: 2 | F56: =VLOOKUP(B56,'HSD PSPN,STR,ARS'!$C$6:F724,4,FALSE) -> 10000 | G56: =E56*F56 -> 20000
A57: Jumlah Harga Bahan | G57: =SUM(G54:G56) -> 30500
A58: C | B58: PERALATAN
A60: Jumlah Harga Alat | G60: =G59 -> 0
A61: D | B61: Jumlah Harga Tenaga Kerja, Bahan dan Peralatan (A+B+C) | G61: =SUM(G49:G60)/2 -> 39350
A62: E | B62: Biaya Umum dan Keuntungan (10% - 15%) x D | F62: 0.1 | G62: =G61*F62 -> 3935
A63: F | B63: Harga Satuan Pekerjaan (D+E) | G63: =ROUNDDOWN(G61+G62,0) -> 43285
A65: 2.1.1.4 | B65: Pemasangan 1 m Reng Baja Ringan R.32 tebal 0,45 mm
A66: No | B66: Uraian | C66: Kode | D66: Satuan | E66: Koefisien | F66: Harga Satuan (Rp.) | G66: Jumlah Harga (Rp.)
A67: A | B67: TENAGA
B68: Pekerja | C68: L.01 | D68: OH | E68: 0.0111 | F68: =VLOOKUP(B68,'HSD PSPN,STR,ARS'!$C$6:F724,4,FALSE) -> 100000 | G68: =E68*F68 -> 1110
B69: Tukang Besi | C69: L.02 | D69: OH | E69: 0.0111 | F69: =VLOOKUP(B69,'HSD PSPN,STR,ARS'!$C$6:F724,4,FALSE) -> 150000 | G69: =E69*F69 -> 1665
B70: Kepala Tukang | C70: L.03 | D70: OH | E70: 0.0011 | F70: =VLOOKUP(B70,'HSD PSPN,STR,ARS'!$C$6:F724,4,FALSE) -> 150000 | G70: =E70*F70 -> 165
B71: Mandor | C71: L.04 | D71: OH | E71: 0.0004 | F71: =VLOOKUP(B71,'HSD PSPN,STR,ARS'!$C$6:F724,4,FALSE) -> 200000 | G71: =E71*F71 -> 80
A72: Jumlah Harga Tenaga Kerja | G72: =SUM(G68:G71) -> 3020
A73: B | B73: BAHAN
B74: Reng baja ringan R.32 tebal 0,45 mm | D74: m | E74: 1.05 | F74: =VLOOKUP(B74,'HSD PSPN,STR,ARS'!$C$6:F724,4,FALSE) -> 10000 | G74: =E74*F74 -> 10500
B75: Paku keling | D75: buah | E75: 4 | F75: =VLOOKUP(B75,'HSD PSPN,STR,ARS'!$C$6:F724,4,FALSE) -> 10000 | G75: =E75*F75 -> 40000
A76: Jumlah Harga Bahan | G76: =SUM(G73:G75) -> 50500
A77: C | B77: PERALATAN
A79: Jumlah Harga Alat | G79: =G78 -> 0
A80: D | B80: Jumlah Harga Tenaga Kerja, Bahan dan Peralatan (A+B+C) | G80: =SUM(G68:G79)/2 -> 53520
A81: E | B81: Biaya Umum dan Keuntungan (10% - 15%) x D | F81: 0.1 | G81: =G80*F81 -> 5352
A82: F | B82: Harga Satuan Pekerjaan (D+E) | G82: =ROUNDDOWN(G80+G81,0) -> 58872
A85: 2.1.2 | B85: Rangka Atap Kayu
A86: 2.1.2.1 | B86: Pemasangan 1 m³ konstruksi kuda-kuda konvensional, kayu kelas I, II dan III bentang 6 meter
A87: No | B87: Uraian | C87: Kode | D87: Satuan | E87: Koefisien | F87: Harga Satuan (Rp.) | G87: Jumlah Harga (Rp.)
A88: A | B88: TENAGA
B89: Pekerja | C89: L.01 | D89: OH | E89: 4 | F89: =VLOOKUP(B89,'HSD PSPN,STR,ARS'!$C$6:F2174,4,FALSE) -> 100000 | G89: =E89*F89 -> 400000
B90: Tukang kayu | C90: L.02 | D90: OH | E90: 12 | F90: =VLOOKUP(B90,'HSD PSPN,STR,ARS'!$C$6:F2175,4,FALSE) -> 150000 | G90: =E90*F90 -> 1800000
B91: Kepala tukang | C91: L.03 | D91: OH | E91: 1.2 | F91: =VLOOKUP(B91,'HSD PSPN,STR,ARS'!$C$6:F2176,4,FALSE) -> 150000 | G91: =E91*F91 -> 180000
B92: Mandor | C92: L.04 | D92: OH | E92: 0.4 | F92: =VLOOKUP(B92,'HSD PSPN,STR,ARS'!$C$6:F2177,4,FALSE) -> 200000 | G92: =E92*F92 -> 80000
A93: Jumlah Harga Tenaga Kerja | G93: =SUM(G89:G92) -> 2460000
A94: B | B94: BAHAN
B95: Balok kayu | D95: m³ | E95: 1.1 | F95: =VLOOKUP(B95,'HSD PSPN,STR,ARS'!$C$6:F2180,4,FALSE) -> 10000 | G95: =E95*F95 -> 11000
B96: Besi strip | D96: Kg | E96: 15 | F96: =VLOOKUP(B96,'HSD PSPN,STR,ARS'!$C$6:F2181,4,FALSE) -> 10000 | G96: =E96*F96 -> 150000
B97: Paku Biasa | D97: Kg | E97: 5.6 | F97: =VLOOKUP(B97,'HSD PSPN,STR,ARS'!$C$6:F2182,4,FALSE) -> 10000 | G97: =E97*F97 -> 56000
A98: Jumlah Harga Bahan | G98: =SUM(G95:G97) -> 217000
A99: C | B99: PERALATAN
A100: Jumlah Harga Alat | G100: =G99 -> 0
A101: D | B101: Jumlah Harga Tenaga Kerja, Bahan dan Peralatan (A+B+C) | G101: =SUM(G89:G100)/2 -> 2677000
A102: E | B102: Biaya Umum dan Keuntungan (10% - 15%) x D | F102: 0.1 | G102: =G101*F102 -> 267700
A103: F | B103: Harga Satuan Pekerjaan (D+E) | G103: =ROUNDDOWN(G101+G102,0) -> 2944700
A105: 2.1.2.2 | B105: Pemasangan 1 m³ konstruksi kuda-kuda expose, kayu kelas I
A106: No | B106: Uraian | C106: Kode | D106: Satuan | E106: Koefisien | F106: Harga Satuan (Rp.) | G106: Jumlah Harga (Rp.)
A107: A | B107: TENAGA
B108: Pekerja | C108: L.01 | D108: OH | E108: 6.7 | F108: =VLOOKUP(B108,'HSD PSPN,STR,ARS'!$C$6:F2193,4,FALSE) -> 100000 | G108: =E108*F108 -> 670000
B109: Tukang kayu | C109: L.02 | D109: OH | E109: 20.1 | F109: =VLOOKUP(B109,'HSD PSPN,STR,ARS'!$C$6:F2194,4,FALSE) -> 150000 | G109: =E109*F109 -> 3015000
...

Sheet 3. AHS ARSITEKTURAL
A1: 3 | B1: PEKERJAAN ARSITEKTUR
A2: 3.1 | B2: PEKERJAAN PENUTUP ATAP
A3: 3.1.1 | B3: ATAP GENTENG
A4: 3.1.1.1 | B4: Pemasangan 1 m2 Atap Genteng Palentong Kecil
A5: No | B5: Uraian | C5: Kode | D5: Satuan | E5: Koefisien | F5: Harga Satuan (Rp.) | G5: Jumlah Harga (Rp.)
A6: A | B6: TENAGA KERJA
A7: 1 | B7: Pekerja | C7: L.01 | D7: OH | E7: 0,1500 | F7: =VLOOKUP(B7,'HSD PSPN,STR,ARS'!$C$6:F724,4,FALSE) -> 100000 | G7: =F7*E7 -> 15000
A8: 2 | B8: Tukang Kayu | C8: L.02 | D8: OH | E8: 0,0750 | F8: =VLOOKUP(B8,'HSD PSPN,STR,ARS'!$C$6:F724,4,FALSE) -> 150000 | G8: =F8*E8 -> 11250
A9: 3 | B9: Kepala Tukang | C9: L.03 | D9: OH | E9: 0,0075 | F9: =VLOOKUP(B9,'HSD PSPN,STR,ARS'!$C$6:F724,4,FALSE) -> 150000 | G9: =F9*E9 -> 1125
A10: 4 | B10: Mandor | C10: L.04 | D10: OH | E10: 0.0025 | F10: =VLOOKUP(B10,'HSD PSPN,STR,ARS'!$C$6:F724,4,FALSE) -> 200000 | G10: =F10*E10 -> 500
A11: Jumlah Harga Tenaga Kerja | G11: =SUM(G6:G10) -> 27875
A12: B | B12: BAHAN
A13: 1 | B13: Genteng Palentong kecil | D13: buah | E13: 25,00 | F13: =VLOOKUP(B13,'HSD PSPN,STR,ARS'!$C$6:F724,4,FALSE) -> 10000 | G13: =F13*E13 -> 250000
A14: Jumlah Harga Bahan | G14: =SUM(G13) -> 250000
A15: C | B15: PERALATAN
A17: Jumlah Harga Alat | G17: =SUM(G15:G16) -> 0
A18: D | B18: Jumlah Harga Tenaga Kerja, Bahan dan Peralatan (A+B+C) | G18: =SUM(G6:G17)/2 -> 277875
A19: E | B19: Biaya Umum dan Keuntungan (10% - 15%) x D | F19: 0.1 | G19: =G18*F19 -> 27787.5
A20: F | B20: Harga Satuan Pekerjaan (D+E) | G20: =ROUNDDOWN(G18+G19,0) -> 305662
A22: 3.1.1.2 | B22: Pemasangan 1 m2 Atap Genteng Kodok Glazuur
A23: No | B23: Uraian | C23: Kode | D23: Satuan | E23: Koefisien | F23: Harga Satuan (Rp) | G23: Jumlah Harga (Rp)
A24: A | B24: TENAGA KERJA
A25: 1 | B25: Pekerja | C25: L.01 | D25: OH | E25: 0,1500 | F25: =VLOOKUP(B25,'HSD PSPN,STR,ARS'!$C$6:F724,4,FALSE) -> 100000 | G25: =F25*E25 -> 15000
A26: 2 | B26: Tukang Kayu | C26: L.02 | D26: OH | E26: 0,0750 | F26: =VLOOKUP(B26,'HSD PSPN,STR,ARS'!$C$6:F724,4,FALSE) -> 150000 | G26: =F26*E26 -> 11250
A27: 3 | B27: Kepala Tukang | C27: L.03 | D27: OH | E27: 0,0075 | F27: =VLOOKUP(B27,'HSD PSPN,STR,ARS'!$C$6:F724,4,FALSE) -> 150000 | G27: =F27*E27 -> 1125
A28: 4 | B28: Mandor | C28: L.04 | D28: OH | E28: 0,0025 | F28: =VLOOKUP(B28,'HSD PSPN,STR,ARS'!$C$6:F724,4,FALSE) -> 200000 | G28: =F28*E28 -> 500
A29: Jumlah Harga Tenaga Kerja | G29: =SUM(G24:G28) -> 27875
A30: B | B30: BAHAN
A31: 1 | B31: Genteng Kodok | D31: buah | E31: 25,00 | F31: =VLOOKUP(B31,'HSD PSPN,STR,ARS'!$C$6:F724,4,FALSE) -> 10000 | G31: =F31*E31 -> 250000
A32: Jumlah Harga Bahan | G32: =SUM(G31) -> 250000
A33: C | B33: PERALATAN
G34: =F34*E34 -> 0
A35: Jumlah Harga Alat | G35: =SUM(G33:G34) -> 0
A36: D | B36: Jumlah Harga Tenaga Kerja, Bahan dan Peralatan (A+B+C) | G36: =SUM(G24:G35)/2 -> 277875
A37: E | B37: Biaya Umum dan Keuntungan (10% - 15%) x D | F37: 0.1 | G37: =G36*F37 -> 27787.5
A38: F | B38: Harga Satuan Pekerjaan (D+E) | G38: =ROUNDDOWN(G36+G37,0) -> 305662
A40: 3.1.1.3 | B40: Pemasangan 1 m2 Atap Genteng Palentong Besar
A41: No | B41: Uraian | C41: Kode | D41: Satuan | E41: Koefisien | F41: Harga Satuan (Rp) | G41: Jumlah Harga (Rp)
A42: A | B42: TENAGA KERJA
A43: 1 | B43: Pekerja | C43: L.01 | D43: OH | E43: 0,1500 | F43: =VLOOKUP(B43,'HSD PSPN,STR,ARS'!$C$6:F724,4,FALSE) -> 100000 | G43: =F43*E43 -> 15000
A44: 2 | B44: Tukang Kayu | C44: L.02 | D44: OH | E44: 0,0750 | F44: =VLOOKUP(B44,'HSD PSPN,STR,ARS'!$C$6:F724,4,FALSE) -> 150000 | G44: =F44*E44 -> 11250
A45: 3 | B45: Kepala Tukang | C45: L.03 | D45: OH | E45: 0,0075 | F45: =VLOOKUP(B45,'HSD PSPN,STR,ARS'!$C$6:F724,4,FALSE) -> 150000 | G45: =F45*E45 -> 1125
A46: 4 | B46: Mandor | C46: L.04 | D46: OH | E46: 0,0025 | F46: =VLOOKUP(B46,'HSD PSPN,STR,ARS'!$C$6:F724,4,FALSE) -> 200000 | G46: =F46*E46 -> 500
A47: Jumlah Harga Tenaga Kerja | G47: =SUM(G42:G46) -> 27875
A48: B | B48: BAHAN
A49: 1 | B49: Genteng Palentong Besar (Morando) | D49: buah | E49: 12,00 | F49: =VLOOKUP(B49,'HSD PSPN,STR,ARS'!$C$6:F724,4,FALSE) -> 10000 | G49: =F49*E49 -> 120000
A50: Jumlah Harga Bahan | G50: =SUM(G49) -> 120000
A51: C | B51: PERALATAN
A53: Jumlah Harga Alat | G53: =SUM(G51:G52) -> 0
A54: D | B54: Jumlah Harga Tenaga Kerja, Bahan dan Peralatan (A+B+C) | G54: =SUM(G41:G53)/2 -> 147875
A55: E | B55: Biaya Umum dan Keuntungan (10% - 15%) x D | F55: 0.1 | G55: =G54*F55 -> 14787.5
A56: F | B56: Harga Satuan Pekerjaan (D+E) | G56: =ROUNDDOWN(G54+G55,0) -> 162662
A58: 3.1.1.4 | B58: Pemasangan 1 m2 Atap Genteng Beton
A59: No | B59: Uraian | C59: Kode | D59: Satuan | E59: Koefisien | F59: Harga Satuan (Rp) | G59: Jumlah Harga (Rp)
A60: A | B60: TENAGA KERJA
A61: 1 | B61: Pekerja | C61: L.01 | D61: OH | E61: 0,2000 | F61: =VLOOKUP(B61,'HSD PSPN,STR,ARS'!$C$6:F724,4,FALSE) -> 100000 | G61: =F61*E61 -> 20000
A62: 2 | B62: Tukang Kayu | C62: L.02 | D62: OH | E62: 0,1000 | F62: =VLOOKUP(B62,'HSD PSPN,STR,ARS'!$C$6:F724,4,FALSE) -> 150000 | G62: =F62*E62 -> 15000
A63: 3 | B63: Kepala Tukang | C63: L.03 | D63: OH | E63: 0,0100 | F63: =VLOOKUP(B63,'HSD PSPN,STR,ARS'!$C$6:F724,4,FALSE) -> 150000 | G63: =F63*E63 -> 1500
A64: 4 | B64: Mandor | C64: L.04 | D64: OH | E64: 0,0033 | F64: =VLOOKUP(B64,'HSD PSPN,STR,ARS'!$C$6:F724,4,FALSE) -> 200000 | G64: =F64*E64 -> 660
A65: Jumlah Harga Tenaga Kerja | G65: =SUM(G60:G64) -> 37160
A66: B | B66: BAHAN
A67: 1 | B67: Genteng Beton | D67: buah | E67: 11,00 | F67: =VLOOKUP(B67,'HSD PSPN,STR,ARS'!$C$6:F724,4,FALSE) -> 10000 | G67: =F67*E67 -> 110000
A68: 2 | B68: Paku biasa 2” - 5” | D68: kg | E68: 0,03 | F68: =VLOOKUP(B68,'HSD PSPN,STR,ARS'!$C$6:F724,4,FALSE) -> 10000 | G68: =F68*E68 -> 300
A69: Jumlah Harga Bahan | G69: =SUM(G66:G68) -> 110300
A70: C | B70: PERALATAN
A72: Jumlah Harga Alat | G72: =SUM(G70:G71) -> 0
A73: D | B73: Jumlah Harga Tenaga Kerja, Bahan dan Peralatan (A+B+C) | G73: =SUM(G60:G72)/2 -> 147460
A74: E | B74: Biaya Umum dan Keuntungan (10% - 15%) x D | F74: 0.1 | G74: =G73*F74 -> 14746
A75: F | B75: Harga Satuan Pekerjaan (D+E) | G75: =ROUNDDOWN(G73+G74,0) -> 162206
A77: 3.1.1.5 | B77: Pemasangan 1 m’ Nok/Bubung Genteng Palentong Kecil
A78: No | B78: Uraian | C78: Kode | D78: Satuan | E78: Koefisien | F78: Harga Satuan (Rp) | G78: Jumlah Harga (Rp)
A79: A | B79: TENAGA KERJA
A80: 1 | B80: Pekerja | C80: L.01 | D80: OH | E80: 0,4000 | F80: =VLOOKUP(B80,'HSD PSPN,STR,ARS'!$C$6:F724,4,FALSE) -> 100000 | G80: =F80*E80 -> 40000
A81: 2 | B81: Tukang Kayu | C81: L.02 | D81: OH | E81: 0,2000 | F81: =VLOOKUP(B81,'HSD PSPN,STR,ARS'!$C$6:F724,4,FALSE) -> 150000 | G81: =F81*E81 -> 30000
A82: 3 | B82: Kepala Tukang | C82: L.03 | D82: OH | E82: 0,0200 | F82: =VLOOKUP(B82,'HSD PSPN,STR,ARS'!$C$6:F724,4,FALSE) -> 150000 | G82: =F82*E82 -> 3000
A83: 4 | B83: Mandor | C83: L.04 | D83: OH | E83: 0,0067 | F83: =VLOOKUP(B83,'HSD PSPN,STR,ARS'!$C$6:F724,4,FALSE) -> 200000 | G83: =F83*E83 -> 1340
A84: Jumlah Harga Tenaga Kerja | G84: =SUM(G79:G83) -> 74340
A85: B | B85: BAHAN
A86: 1 | B86: Genteng Bubung | D86: buah | E86: 5,000 | F86: =VLOOKUP(B86,'HSD PSPN,STR,ARS'!$C$6:F724,4,FALSE) -> 10000 | G86: =F86*E86 -> 50000
A87: 2 | B87: Semen Portland | D87: kg | E87: 8,000 | F87: =VLOOKUP(B87,'HSD PSPN,STR,ARS'!$C$6:F724,4,FALSE) -> 10000 | G87: =F87*E87 -> 80000
A88: 3 | B88: Pasir Pasang | D88: m3 | E88: 0,032 | F88: =VLOOKUP(B88,'HSD PSPN,STR,ARS'!$C$6:F724,4,FALSE) -> 10000 | G88: =F88*E88 -> 320
A89: Jumlah Harga Bahan | G89: =SUM(G86:G88) -> 130320
A90: C | B90: PERALATAN
A92: Jumlah Harga Alat | G92: =SUM(G90:G91) -> 0
A93: D | B93: Jumlah Harga Tenaga Kerja, Bahan dan Peralatan (A+B+C) | G93: =SUM(G80:G92)/2 -> 204660
A94: E | B94: Biaya Umum dan Keuntungan (10% - 15%) x D | F94: 0.1 | G94: =G93*F94 -> 20466
A95: F | B95: Harga Satuan Pekerjaan (D+E) | G95: =ROUNDDOWN(G93+G94,0) -> 225126
A97: 3.1.1.6 | B97: Pemasangan 1 m’ Nok/Bubung Genteng Kodok Glazuur
A98: No | B98: Uraian | C98: Kode | D98: Satuan | E98: Koefisien | F98: Harga Satuan (Rp) | G98: Jumlah Harga (Rp)
A99: A | B99: TENAGA KERJA
A100: 1 | B100: Pekerja | C100: L.01 | D100: OH | E100: 0,4000 | F100: =VLOOKUP(B100,'HSD PSPN,STR,ARS'!$C$6:F724,4,FALSE) -> 100000 | G100: =F100*E100 -> 40000
A101: 2 | B101: Tukang Kayu | C101: L.02 | D101: OH | E101: 0,2000 | F101: =VLOOKUP(B101,'HSD PSPN,STR,ARS'!$C$6:F724,4,FALSE) -> 150000 | G101: =F101*E101 -> 30000
A102: 3 | B102: Kepala Tukang | C102: L.03 | D102: OH | E102: 0,0200 | F102: =VLOOKUP(B102,'HSD PSPN,STR,ARS'!$C$6:F724,4,FALSE) -> 150000 | G102: =F102*E102 -> 3000
A103: 4 | B103: Mandor | C103: L.04 | D103: OH | E103: 0,0067 | F103: =VLOOKUP(B103,'HSD PSPN,STR,ARS'!$C$6:F724,4,FALSE) -> 200000 | G103: =F103*E103 -> 1340
A104: Jumlah Harga Tenaga Kerja | G104: =SUM(G99:G103) -> 74340
A105: B | B105: BAHAN
A106: 1 | B106: Genteng Bubung | D106: buah | E106: 5,000 | F106: =VLOOKUP(B106,'HSD PSPN,STR,ARS'!$C$6:F724,4,FALSE) -> 10000 | G106: =F106*E106 -> 50000
A107: 2 | B107: Semen Portland | D107: kg | E107: 8,000 | F107: =VLOOKUP(B107,'HSD PSPN,STR,ARS'!$C$6:F724,4,FALSE) -> 10000 | G107: =F107*E107 -> 80000
A108: 3 | B108: Pasir Pasang | D108: m3 | E108: 0,032 | F108: =VLOOKUP(B108,'HSD PSPN,STR,ARS'!$C$6:F724,4,FALSE) -> 10000 | G108: =F108*E108 -> 320
A109: Jumlah Harga Bahan | G109: =SUM(G106:G108) -> 130320
...

Sheet HSD PSPN,STR,ARS
B1: HARGA SATUAN DASAR PERSIAPAN, STRUKTUR, ARSITEKTUR
B2: UPAH TENAGA KERJA, BAHAN DAN PERALATAN
B4: NO. | C4: URAIAN | D4: KODE | E4: SATUAN | F4: HARGA | G4: KET.
B5: A. | C5: UPAH TENAGA KERJA
B6: 1 | C6: Kepala Tukang | E6: OH | F6: 150000
B7: 2 | C7: Tukang | E7: OH | F7: 150000
B8: 3 | C8: Tukang Aluminium | E8: OH | F8: =+$F$7 -> 150000
B9: 4 | C9: Tukang batu | E9: OH | F9: =+$F$7 -> 150000
B10: 5 | C10: Tukang batu/tembok | E10: OH | F10: =+$F$7 -> 150000
B11: 6 | C11: Tukang Besi | E11: OH | F11: =+$F$7 -> 150000
B12: 7 | C12: Tukang Besi/ Besi Beton | E12: OH | F12: 100000
B13: 8 | C13: Tukang Cat | E13: OH | F13: =+$F$7 -> 150000
B14: 9 | C14: Tukang Cat/Pelitur | E14: OH | F14: =+$F$7 -> 150000
B15: 10 | C15: Tukang Ereksi | E15: OH | F15: =+$F$7 -> 150000
B16: 11 | C16: Tukang Kayu | E16: OH | F16: =+$F$7 -> 150000
B17: 12 | C17: Tukang Las | E17: OH | F17: =+$F$7 -> 150000
B18: 13 | C18: Tukang Las Konstruksi | E18: OH | F18: =+$F$7 -> 150000
B19: 14 | C19: Tukang Pipa | E19: OH | F19: =+$F$7 -> 150000
B20: 15 | C20: Tukang Listrik | E20: OH | F20: =+$F$7 -> 150000
B21: 16 | C21: Tukang Kaca | E21: OH | F21: =+$F$7 -> 150000
B22: 17 | C22: Tukang vibrator | E22: OH | F22: =+$F$7 -> 150000
B23: 18 | C23: Tukang penganyam bronjong | E23: OH | F23: =F22 -> 150000
B24: 19 | C24: Pekerja | E24: OH | F24: 100000
B25: 20 | C25: Mandor | E25: OH | F25: 200000
B26: 21 | C26: Operator Alat Berat | E26: OH | F26: 200000
B27: 22 | C27: Operator Alat Pipa | E27: OH | F27: =F26 -> 200000
B28: 23 | C28: Operator Crane | E28: OH | F28: =+F27 -> 200000
B29: 24 | C29: Pembantu Operator Crane | E29: OH | F29: 150000
B30: 25 | C30: Juru ukur | E30: OH | F30: 200000
B31: 26 | C31: Pembantu juru ukur | E31: OH | F31: =F23 -> 150000
B32: 28 | C32: Tenaga terampil operator | E32: OH | F32: =F28 -> 200000
B33: 29 | C33: Tanaga ahli pratama | E33: OH | F33: =250000 -> 250000
B34: 30 | C34: Tukang Las geotestile | E34: OH | F34: =F23 -> 150000
B35: B. | C35: BAHAN
B37: 1 | C37: Agg pengunci | E37: m³ | F37: 300000
B38: 2 | C38: Agg penutup | E38: kg | F38: 8500
B39: 3 | C39: Agg pokok | E39: m³ | F39: 200000
B40: 4 | C40: Air | E40: Liter | F40: 1000
B41: 5 | C41: Alang-alang | E41: ikat | F41: 10000
B42: 6 | C42: Alat penyambung balok Δ 28 cm | E42: buah | F42: 10000
B43: 7 | C43: Alat penyambung balok Δ 32 cm | E43: buah | F43: 10000
B44: 8 | C44: Alat penyambung beton 20 x 20 cm | E44: buah | F44: 10000
B45: 9 | C45: Alat penyambung beton 25 x 25 cm | E45: buah | F45: 10000
B46: 10 | C46: Alat penyambung beton 30 x 30 cm | E46: buah | F46: 10000
B47: 11 | C47: Alat penyambung beton 35 x 35 cm | E47: buah | F47: 10000
B48: 12 | C48: Alat penyambung beton 40 x 40 cm | E48: buah | F48: 10000
... B63: 27 | C63: Ampelas | E63: lembar | F63: 10000
B64: 28 | C64: Analisa pekerjaan | F64: 10000
B65: 29 | C65: Angkur | E65: kg | F65: 10000
B66: 30 | C66: Angkur M16 Panjang 50 cm | E66: buah | F66: 10000
B67: 31 | C67: Anyaman bambu (geribig) | E67: lembar | F67: 10000
B68: 32 | C68: Asbes gelombang 92x250 | E68: lembar | F68: 10000
B69: 33 | C69: Aspal | E69: kg | F69: 10000
B70: 34 | C70: Atap Metal Lembaran | E70: m2 | F70: 10000
B71: 35 | C71: Atap Metal Menerus Tebal 0.4 mm | E71: m2 | F71: 10000
B72: 36 | C72: Atap Seng Gelombang 105cm x180cm | E72: lembar | F72: 10000
B73: 37 | C73: Atap Serat Semen Gelombang 105cm x 150cm x 5mm | E73: lembar | F73: 10000
B74: 38 | C74: Atap Serat Semen Gelombang 105cm x 210cm x 5mm | E74: lembar | F74: 10000
B75: 39 | C75: Atap Serat Semen Gelombang 105cm x 240cm x 5mm | E75: lembar | F75: 10000
B76: 40 | C76: Atap Serat Semen Gelombang 105cm x 270cm x 4mm | E76: lembar | F76: 10000
... B531: 495 | C531: Rangka Aluminium | E531: m’ | F531: 10000
B532: 496 | C532: Rangka Atap Kayu | F532: 10000
B533: 497 | C533: Rangka Metal Hollow 20x40 mm | E533: m’ | F533: 10000
B534: 498 | C534: Rangka Metal Hollow 40.40 | E534: m’ | F534: 10000
B535: 499 | C535: Rel Pintu Dorong | E535: set | F535: 10000
B536: 500 | C536: Reng (3 x 4) cm | E536: m³ | F536: 10000
B537: 501 | C537: Reng 2 x 3 cm | E537: m³ | F537: 10000
B538: 502 | C538: Reng baja ringan R.32 tebal 0,45 mm | E538: m | F538: 10000
B539: 503 | C539: Reng/roof bottom RT 35 t=0,45 mm | E539: btg | F539: 10000
B540: 504 | C540: Residu atau ter | E540: Liter | F540: 10000
B541: 505 | C541: Rockwool t = 50 mm | E541: m2 | F541: 10000
B542: 506 | C542: Rolling Door Besi | E542: m2 | F542: 10000
B543: 507 | C543: Rolling Door Aluminium | E543: m2 | F543: 10000
B544: 508 | C544: Rooflight Ukuran 90cm x 180 cm | E544: lembar | F544: 10000
... B604: 568 | C604: Strorox - 100 | E604: kg | F604: 10000
B605: 569 | C605: Struktur Bawah | F605: 10000
B606: 570 | C606: Sunscreen Aluminium | E606: m2 | F606: 10000
B607: 571 | C607: Talang datar/jurai seng lebar 90 cm | E607: m | F607: 10000
B608: 572 | C608: Talang seng 1/2 lingkaran diameter 15 cm | E608: m | F608: 10000
B609: 573 | C609: Tanah biasa/ liat berpasir | E609: m3 | F609: 10000
B610: 574 | C610: Tanah Liat | E610: m3 | F610: 10000
B611: 575 | C611: Tanah subur | E611: m3 | F611: 10000
B612: 576 | C612: Tangga Servis tinggi 4 m | E612: buah | F612: 10000
B613: 577 | C613: Teak Oil | E613: liter | F613: 10000
B614: 578 | C614: Teralis besi strip lengkap dengan accesoris | E614: m2 | F614: 10000
B615: 579 | C615: Teraso Cor | E615: m3 | F615: 10000
B616: 580 | C616: Terpal | E616: m2 | F616: 10000
B617: 581 | C617: Thinner | E617: liter | F617: 10000
... B638: 602 | C638: Ubin Warna uk. 30 cm x 30 cm | E638: buah | F638: 10000
B639: 603 | C639: Ubin Warna uk. 40 cm x 40 cm | E639: buah | F639: 10000 | M639: 18 | N639: 1.129
B640: 604 | C640: Ubin Warna uk. 60 x 60 cm | E640: buah | F640: 10000 | M640: 19 | N640: 1.141
B641: 605 | C641: Underlayer | E641: m2 | F641: 10000
B642: 606 | C642: UriNoir Lengkap | E642: unit | F642: 10000
B643: 607 | C643: Veeneer Urat Kayu tebal 2 mm | E643: m2 | F643: 10000
B644: 608 | C644: Venetions Blinds dan Vertical Blinds (Tirai) | E644: m2 | F644: 10000
B645: 609 | C645: Vernis | E645: liter | F645: 10000
B646: 610 | C646: Vynil uk. 30 x 30 cm | E646: buah | F646: 10000
B647: 611 | C647: Wallpaper lebar 50 cm | E647: m’ | F647: 10000
B648: 612 | C648: Wastafel Lengkap | E648: unit | F648: 10000
B649: 613 | C649: Waterdrain | E649: buah | F649: 10000
...

Sheet BACK UP DATA
A7: No | B7: Uraian | C7: Panjang | D7: Lebar | E7: Tinggi | F7: Luas | G7: Jlh Unit | H7: Volume | I7: Total Volume | J7: Satuan | K7: Ket
A9: A. | B9: PEKERJAAN PERSIAPAN
A10: 1 | B10: Pembersihan Lokasi | I10: 1 Ls
A11: 2 | B11: Pengukuran Dan Pemasangan Bowplank | I11: 1 Ls
A12: 3 | B12: Direksiket atau Barak Kerja | I12: 1 Ls
A13: 4 | B13: Air Dan Listrik Kerja | I13: 1 Ls
A14: 5 | B14: Keamanan Dan P3K | I14: 1 Ls
A16: B. | B16: PEKERJAAN TANAH
A17: 1 | B17: Galian Tanah Pondasi
B18: - Pondasi Tapak | C18: 2 | D18: 2 | E18: 1.7 | G18: 50 | H18: =(C18*D18*E18)*G18 -> 340
B19: - Pondasi Menerus
B20: Panjang As 1 | C20: 2
B21: Panjang As 2=3=4=5 | C21: =2*11*4-(2) -> 86
B22: Panjang As A s/d L | C22: =2*12*2 -> 48
B23: Panjang As A-B (KM) | C23: =1.1*2 -> 2.2
B24: Panjang As K-L (KM) | C24: =1.1*2 -> 2.2
B25: Panjang As A-B (KM) | C25: =3.1*2 -> 6.2
C26: 1.1
B27: Panjang As K-L (KM) | C27: =3.1*2 -> 6.2
C28: 1.1
B29: total | C29: =SUM(C20:C28) -> 155
C30: =+C29 -> 155 | D30: 0.9 | E30: 0.75 | H30: =C30*D30*E30 -> 104.625 | I30: =+H18+H30 -> 444.625 | J30: M3
A31: 2 | B31: Urugan Kembali
B32: Pondasi Tapak | C32: 2 | D32: 2 | E32: 1.5 | G32: 50 | H32: =+C32*D32*E32*G32 -> 300
B33: Pondasi Menerus | C33: =+C29 -> 155 | D33: 0.35 | E33: 0.6 | H33: =+C33*D33*E33 -> 32.55
B34: Pengurangan Beton Tapak | C34: 1.8 | D34: 1.8 | E34: -0.4 | G34: 50 | H34: =+C34*D34*E34*G34 -> -64.8
B35: Pengurangan Pondasi Menerus | C35: 0.7 | D35: =+(0.7+0.4)/2 -> 0.55 | E35: -0.6 | G35: 48 | H35: =+C35*D35*E35*G35 -> -11.088
C36: 0.6 | D36: =+(0.7+0.4)/2 -> 0.55 | E36: -0.6 | G36: 52 | H36: =+C36*D36*E36*G36 -> -10.296
B37: Pengurangan pasir alas dan batu kosong | C37: 0.7 | D37: 0.9 | E37: -0.15 | G37: 48 | H37: =+C37*D37*E37*G37 -> -4.536
C38: 0.6 | D38: 0.9 | E38: -0.15 | G38: 52 | H38: =+C38*D38*E38*G38 -> -4.212
I39: =SUM(H32:H39) -> 237.618 | J39: M3
A40: 3 | B40: Urugan Pasir
B41: Pondasi tapak | C41: 2 | D41: 2 | E41: 0.05 | G41: 50 | H41: =+(C41*D41*E41)*G41 -> 10
B42: Pondasi Menerus
B43: Panjang As 1 | C43: 3.7
B44: Panjang As 2=3=4=5 | C44: =3.7*11*4-(2) -> 160.8
B45: Panjang As A s/d L | C45: =3.6*12*2 -> 86.4
B46: Panjang As A-B (KM) | C46: =1.1*2 -> 2.2
B47: Panjang As K-L (KM) | C47: =1.1*2 -> 2.2
B48: Panjang As A-B (KM) | C48: =3.1*2 -> 6.2
C49: 1.1
B50: Panjang As K-L (KM) | C50: =3.1*2 -> 6.2
C51: 1.1
B52: total | C52: =SUM(C43:C51) -> 269.9
C53: =+C52 -> 269.9 | D53: 0.9 | E53: 0.05 | H53: =C53*D53*E53 -> 12.1455 | I53: =+H53+H41 -> 22.1455 | J53: M3
B54: Lantai Ruangan
B55: Teras
A57: 4 | B57: Timbunan Tanah
B58: Lantai
B59: Teras
B60: Kamar Mandi
I61: =+H61 -> 0 | J61: M3
A63: C | B63: PEKERJAAN PONDASI
A64: 1 | B64: Pasangan Batu Kosong
B65: Pondasi Tapak | C65: =C18 -> 2 | D65: =D18 -> 2 | E65: 0.15 | G65: =G18 -> 50 | H65: =(C65*D65*E65)*G65 -> 30
B67: Pondasi Menerus
B68: Panjang As 1 | C68: 3.7
B69: Panjang As 2=3=4=5 | C69: =3.7*11*4-(2) -> 160.8
B70: Panjang As A s/d L | C70: =3.6*12*2 -> 86.4
B71: Panjang As A-B (KM) | C71: =1.1*2 -> 2.2
B72: Panjang As K-L (KM) | C72: =1.1*2 -> 2.2
B73: Panjang As A-B (KM) | C73: =3.1*2 -> 6.2
C74: 1.1
B75: Panjang As K-L (KM) | C75: =3.1*2 -> 6.2
C76: 1.1
B77: total | C77: =SUM(C68:C76) -> 269.9
C78: =+C77 -> 269.9 | D78: 0.9 | E78: 0.1 | H78: =C78*D78*E78 -> 24.291
I79: =+H65+H78 -> 54.291 | J79: M3
A81: 2 | B81: Pondasi Batu Gunung/Kali | C81: =+C77 -> 269.9 | D81: =+(0.7+0.4)/2 -> 0.55 | E81: 0.6 | H81: =C81*D81*E81 -> 89.067 | I81: =H81 -> 89.067 | J81: M3
A83: 3 | B83: Beton Lantai
B84: Lantai
B85: Teras | J85: M3
A89: D | B89: PEKERJAAN BETON BERTULANG
A90: 1 | B90: Beton Pondasi Tapak | C90: 1.8 | D90: 1.8 | E90: 0.4 | G90: =G18 -> 50 | H90: =(C90*D90*E90)*G90 -> 64.8 | I90: =H90 -> 64.8 | J90: M3
B91: Besi Polos
B92: Besi Ulir
B93: Bekesting | C93: =1.8*4 -> 7.2 | E93: 0.4 | G93: 50 | H93: =+C93*E93*G93 -> 144 | I93: =+H93 -> 144 | J93: M2
A96: 2 | B96: Beton Pedestal
B97: Beton | C97: 0.3 | D97: 0.4 | E97: 1.5 | G97: 50 | H97: =(C97*D97*E97)*G97 -> 9 | I97: =H97 -> 9 | J97: M3
B98: Besi Polos
B99: Besi Ulir
B100: Bekesting | D100: =0.4+0.4+0.3+0.3 -> 1.4 | E100: 1.1 | G100: 50 | H100: =+D100*E100*G100 -> 77 | I100: =+H100 -> 77 | J100: M2
A105: 3 | B105: Sloof
B106: Beton
B107: Teras | C107: =3.7+3.6+3.6 -> 10.9 | D107: 0.3 | E107: 0.4 | G107: 1 | H107: =+C107*D107*E107*G107 -> 1.308
B108: As 2=3=4=5 | C108: =3.7*11 -> 40.7 | D108: 0.3 | E108: 0.4 | G108: 4 | H108: =+C108*D108*E108*G108 -> 19.536
B109: As A s/d L | C109: =3.6+3.6+1.6 -> 8.8 | D109: 0.3 | E109: 0.4 | G109: 12 | H109: =+C109*D109*E109*G109 -> 12.672
B110: Kamar Mandi | C110: =3.7+1.7 -> 5.4 | D110: 0.3 | E110: 0.4 | G110: 4 | H110: =+C110*D110*E110*G110 -> 2.592
H111: =SUM(H107:H110) -> 36.108 | I111: =+H111 -> 36.108 | J111: M3
B112: Besi Polos
B113: Besi Ulir
B114: Bekesting
C115: =3.7+3.6+3.6 -> 10.9 | G115: 1 | H115: =+C115*G115 -> 10.9
C116: =3.7*11 -> 40.7 | G116: 4 | H116: =+C116*G116 -> 162.8
C117: =3.6+3.6+1.6 -> 8.8 | G117: 12 | H117: =+C117*G117 -> 105.6
C118: =3.7+1.7 -> 5.4 | G118: 4 | H118: =+C118*G118 -> 21.6
H119: =SUM(H115:H118) -> 300.9
C120: Pj | D120: Lb | G120: Sisi | H120: Volume
C121: =+H119 -> 300.9 | D121: 0.4 | G121: 2 | H121: =+C121*D121*G121 -> 240.72 | I121: =+H121 -> 240.72 | J121: M2
A123: 4 | B123: Kolom 30/40 | C123: 0.4 | D123: 0.3 | E123: 3.8 | G123: 50 | H123: =(C123*D123*E123)*G123 -> 22.8 | I123: =H123 -> 22.8 | J123: M3
...

Sheet hit besi
A1: BACK UP DATA
A2: PEKERJAAN | C2: : PEMBANGUNAN ASRAMA PUTRI
A3: LOKASI | C3: : BANDA ACEH
A4: TAHUN | C4: : 2019 | S4: 32
A5: PEKERJAAN LANTAI I | S5: 32
A6: PEKERJAAN PEMBESIAN | S6: 22
A7: KOLOM 30 X 40 ( PEDESTAL) | S7: 22
A8: No. | B8: Uraian | E8: P | F8: JLH | G8: JLH | H8: Berat/ Dia Besi | K8: UNIT | L8: BERAT BESI | N8: SATUAN | S8: 14
F9: Sengkang | G9: POTONG | H9: 8 | I9: 13 | J9: 14 | L9: POLOS | M9: ULIR | S9: =SUM(S4:S8) -> 122
A11: B.I.1 | B11: Tinggi Kolom | E11: =+O11 -> 1.5 | O11: 1.5
B12: Besi Polos | D12: Type 1 | E12: =+R12 -> 1.22 | F12: 15 | G12: 1 | H12: =+((H9/1000)^2)*6165 -> 0.39456 | K12: 50 | L12: =+E12*F12*G12*H12*K12 -> 361.0224 | O12: =E11/0.1 -> 15 | P12: 0.32 | Q12: 0.22 | R12: =+P12*2+Q12*2+0.07*2 -> 1.22
D13: Type II | E13: =+R13 -> 1.26 | G13: 2 | H13: 0.6165 | L13: =+E13*F13*G13*H13*K13 -> 0 | O13: =+E11/0.2 -> 7.5 | P13: 0.25 | R13: =2*P12+2*P13+2*6*0.01 -> 1.26
D14: Type III | E14: =+R14 -> 1.98 | G14: 1 | H14: 0.6165 | O14: =+E11/0.5 -> 3 | P14: 0.25 | R14: 1.98
B15: Besi Ulir | E15: =+O15 -> 3.044 | G15: 10 | J15: =+((J9/1000)^2)*6165 -> 1.20834 | K15: 50 | M15: =+E15*G15*J15*K15 -> 1839.0935 | O15: =+O11+(6*0.014)+0.5+0.4+(40*0.014) -> 3.044
E18: JUMLAH | L18: =SUM(L12:L17) -> 361.0224 | M18: =SUM(M12:M17) -> 1839.0935 | N18: Kg
P19: =0.785*22*22*22 -> 8358.68 | R19: =50*140 -> 7000 | S19: =+P19/100 -> 83.5868 | T19: =+S19/R19 -> 0.011940971
A21: SLOOF (30X40)
A22: No. | B22: Uraian | E22: P | F22: JLH | G22: JLH | H22: Berat/ Dia Besi | K22: UNIT | L22: BERAT BESI | N22: SATUAN
F23: Sengkang | G23: POTONG | H23: 8 | I23: 12 | J23: 14 | L23: POLOS | M23: ULIR
B24: As 2=3=4=5 | E24: 44 | O24: 0.014 | P24: 0.012
B25: Tulangan Atas (utama ) | E25: =+O25 -> 44.74 | G25: 4 | J25: =+(14/1000)^2*6165 -> 1.20834 | K25: 1 | M25: =+E25*G25*J25*K25 -> 216.24453 | O25: =44+2*0.3+2*0.07 -> 44.74 | P25: =+O25-0.5 -> 44.24
B26: Tulangan Bagi | E26: =+O26 -> 44.1 | G26: 2 | I26: =+(12/1000)^2*6165 -> 0.88776 | K26: 1 | L26: =+E26*G26*I26*K26 -> 78.300432 | O26: =44+2*0.05 -> 44.1
B27: Tulangan Bawah (utama ) | E27: =+O27 -> 44.74 | G27: 4 | J27: =+(14/1000)^2*6165 -> 1.20834 | K27: 1 | M27: =+E27*G27*J27*K27 -> 216.24453 | O27: =44+2*0.3+2*0.07 -> 44.74
B28: Tulangan Tromol (Extra) both end | E28: =+O28 -> 2.7 | G28: 2 | J28: =+(14/1000)^2*6165 -> 1.20834 | K28: 11 | M28: =+E28*G28*J28*K28 -> 71.775396 | O28: =2+2*20*0.014+0.07*2 -> 2.7
B29: Tulangan Tromol (Extra) middle | E29: =+O29 -> 2.7 | G29: 2 | J29: =+(14/1000)^2*6165 -> 1.20834 | K29: 11 | M29: =+E29*G29*J29*K29 -> 71.775396 | O29: =2+2*20*0.014+0.07*2 -> 2.7
B30: Panjang Penyaluran tul utama | E30: =40*0.014 -> 0.56 | J30: =+(14/1000)^2*6165 -> 1.20834 | K30: 4 | M30: =+E30*J30*K30 -> 2.7066816 | O30: =2.5+2*20*O24 -> 3.06
B31: Panjang Penyaluran tul bagi | E31: =40*0.012 -> 0.48 | I31: =+(12/1000)^2*6165 -> 0.88776 | K31: 4 | L31: =+E31*I31*K31 -> 1.7044992
B32: Sengkang | E32: =+O32 -> 1.36 | F32: 441 | H32: =+(8/1000)^2*6165 -> 0.39456 | K32: 1 | L32: =+E32*F32*H32*K32 -> 236.64131 | O32: =+(0.24+0.34+0.1)*2 -> 1.36 | R32: =+E24/0.1 -> 440
B33: Jumlah As (A) | L33: =SUM(L25:L32) -> 316.64624 | M33: =SUM(M25:M32) -> 578.74653 | N33: Kg | R33: =#REF!/0.25 -> #REF!
B34: Sub Jumlah | K34: 4 | L34: =+L33*K34 -> 1266.5849 | M34: =+M33*K34 -> 2314.9861 | N34: Kg
A36: SLOOF (30X40)
A37: No. | B37: Uraian | E37: P | F37: JLH | G37: JLH | H37: Berat/ Dia Besi | K37: UNIT | L37: BERAT BESI | N37: SATUAN
F38: Sengkang | G38: POTONG | H38: 8 | I38: 12 | J38: 14 | L38: POLOS | M38: ULIR
B39: As A=....As=L | E39: 10 | O39: 0.014 | P39: 0.012
B40: Tulangan Atas (utama ) | E40: =+O40 -> 10.84 | G40: 4 | J40: =+(14/1000)^2*6165 -> 1.20834 | K40: 1 | M40: =+E40*G40*J40*K40 -> 52.393622 | O40: =10+2*0.15+2*0.2+2*0.07 -> 10.84 | P40: =+O40-0.5 -> 10.34
B41: Tulangan Bagi | E41: =+O41 -> 10.4 | G41: 2 | I41: =+(12/1000)^2*6165 -> 0.88776 | K41: 1 | L41: =+E41*G41*I41*K41 -> 18.465408 | O41: =10.3+2*0.05 -> 10.4
B42: Tulangan Bawah (utama ) | E42: =+O42 -> 10.84 | G42: 4 | J42: =+(14/1000)^2*6165 -> 1.20834 | K42: 1 | M42: =+E42*G42*J42*K42 -> 52.393622 | O42: =+O40 -> 10.84
B43: Tulangan Tromol (Extra) both end | E43: =+O43 -> 2.7 | G43: 2 | J43: =+(14/1000)^2*6165 -> 1.20834 | K43: 3 | M43: =+E43*G43*J43*K43 -> 19.575108 | O43: =2+2*20*0.014+0.07*2 -> 2.7
B44: Tulangan Tromol (Extra) middle | E44: =+O44 -> 2.7 | G44: 2 | J44: =+(14/1000)^2*6165 -> 1.20834 | K44: 2 | M44: =+E44*G44*J44*K44 -> 13.050072 | O44: =2+2*0.07+2*20*0.014 -> 2.7
B45: Panjang Penyaluran tul utama | E45: =40*0.014 -> 0.56 | J45: =+(14/1000)^2*6165 -> 1.20834 | M45: =+E45*J45*K45 -> 0 | O45: =2.5+2*20*O39 -> 3.06
B46: Panjang Penyaluran tul bagi | E46: =40*0.012 -> 0.48 | I46: =+(12/1000)^2*6165 -> 0.88776 | L46: =+E46*I46*K46 -> 0
B47: Sengkang | E47: =+O47 -> 1.36 | F47: 101 | H47: =+(8/1000)^2*6165 -> 0.39456 | K47: 1 | L47: =+E47*F47*H47*K47 -> 54.196762 | O47: =+(0.24+0.34+0.1)*2 -> 1.36 | R47: =+E39/0.1 -> 100
B48: Jumlah As (A) | L48: =SUM(L40:L47) -> 72.66217 | M48: =SUM(M40:M47) -> 137.41242 | N48: Kg | R48: =#REF!/0.25 -> #REF!
B49: Sub Jumlah | K49: 11 | L49: =+L48*K49 -> 799.28387 | M49: =+M48*K49 -> 1511.5367 | N49: Kg
A50: SLOOF (30X40)
A51: No. | B51: Uraian | E51: P | F51: JLH | G51: JLH | H51: Berat/ Dia Besi | K51: UNIT | L51: BERAT BESI | N51: SATUAN
F52: Sengkang | G52: POTONG | H52: 8 | I52: 12 | J52: 14 | L52: POLOS | M52: ULIR
B53: Teras | E53: 4 | O53: 0.014 | P53: 0.012
B54: Tulangan Atas (utama ) | E54: =+O54 -> 4.84 | G54: 4 | J54: =+(14/1000)^2*6165 -> 1.20834 | K54: 1 | M54: =+E54*G54*J54*K54 -> 23.393462 | O54: =4+2*0.15+2*0.2+2*0.07 -> 4.84 | P54: =+O54-0.5 -> 4.34
B55: Tulangan Bagi | E55: =+O55 -> 4.4 | G55: 2 | I55: =+(12/1000)^2*6165 -> 0.88776 | K55: 1 | L55: =+E55*G55*I55*K55 -> 7.812288 | O55: =4.3+2*0.05 -> 4.4
B56: Tulangan Bawah (utama ) | E56: =+O56 -> 4.84 | G56: 4 | J56: =+(14/1000)^2*6165 -> 1.20834 | K56: 1 | M56: =+E56*G56*J56*K56 -> 23.393462 | O56: =+O54 -> 4.84
B57: Tulangan Tromol (Extra) both end | E57: =+O57 -> 1.7 | G57: 2 | J57: =+(14/1000)^2*6165 -> 1.20834 | K57: 2 | M57: =+E57*G57*J57*K57 -> 8.216712 | O57: =1+2*20*0.014+0.07*2 -> 1.7
B58: Tulangan Tromol (Extra) middle | E58: =+O58 -> 2.7 | G58: 2 | J58: =+(14/1000)^2*6165 -> 1.20834 | K58: 1 | M58: =+E58*G58*J58*K58 -> 6.525036 | O58: =2+2*0.07+2*20*0.014 -> 2.7
B59: Panjang Penyaluran tul utama | E59: =40*0.014 -> 0.56 | J59: =+(14/1000)^2*6165 -> 1.20834 | M59: =+E59*J59*K59 -> 0 | O59: =2.5+2*20*O53 -> 3.06
B60: Panjang Penyaluran tul bagi | E60: =40*0.012 -> 0.48 | I60: =+(12/1000)^2*6165 -> 0.88776 | L60: =+E60*I60*K60 -> 0
B61: Sengkang | E61: =+O61 -> 1.36 | F61: 41 | H61: =+(8/1000)^2*6165 -> 0.39456 | K61: 1 | L61: =+E61*F61*H61*K61 -> 22.000666 | O61: =+(0.24+0.34+0.1)*2 -> 1.36 | R61: =+E53/0.1 -> 40
B62: Jumlah As (A) | L62: =SUM(L54:L61) -> 29.812954 | M62: =SUM(M54:M61) -> 61.528673 | N62: Kg
B63: Sub Jumlah | K63: 3 | L63: =+L62*K63 -> 89.438861 | M63: =+M62*K63 -> 184.58602 | N63: Kg
A64: SLOOF (30X40)
A65: No. | B65: Uraian | E65: P | F65: JLH | G65: JLH | H65: Berat/ Dia Besi | K65: UNIT | L65: BERAT BESI | N65: SATUAN
F66: Sengkang | G66: POTONG | H66: 8 | I66: 12 | J66: 14 | L66: POLOS | M66: ULIR
B67: Kamar Mandi | E67: 4 | O67: 0.014 | P67: 0.012
B68: Tulangan Atas (utama ) | E68: =+O68 -> 4.84 | G68: 4 | J68: =+(14/1000)^2*6165 -> 1.20834 | K68: 1 | M68: =+E68*G68*J68*K68 -> 23.393462 | O68: =4+2*0.15+2*0.2+2*0.07 -> 4.84 | P68: =+O68-0.5 -> 4.34
B69: Tulangan Bagi | E69: =+O69 -> 4.4 | G69: 2 | I69: =+(12/1000)^2*6165 -> 0.88776 | K69: 1 | L69: =+E69*G69*I69*K69 -> 7.812288 | O69: =4.3+2*0.05 -> 4.4
B70: Tulangan Bawah (utama ) | E70: =+O70 -> 4.84 | G70: 4 | J70: =+(14/1000)^2*6165 -> 1.20834 | K70: 1 | M70: =+E70*G70*J70*K70 -> 23.393462 | O70: =+O68 -> 4.84
B71: Tulangan Tromol (Extra) both end | E71: =+O71 -> 1.7 | G71: 2 | J71: =+(14/1000)^2*6165 -> 1.20834 | K71: 2 | M71: =+E71*G71*J71*K71 -> 8.216712 | O71: =1+2*20*0.014+0.07*2 -> 1.7
B72: Tulangan Tromol (Extra) middle | E72: =+O72 -> 2.7 | G72: 2 | J72: =+(14/1000)^2*6165 -> 1.20834 | K72: 1 | M72: =+E72*G72*J72*K72 -> 6.525036 | O72: =2+2*0.07+2*20*0.014 -> 2.7
B73: Panjang Penyaluran tul utama | E73: =40*0.014 -> 0.56 | J73: =+(14/1000)^2*6165 -> 1.20834 | M73: =+E73*J73*K73 -> 0 | O73: =2.5+2*20*O67 -> 3.06
B74: Panjang Penyaluran tul bagi | E74: =40*0.012 -> 0.48 | I74: =+(12/1000)^2*6165 -> 0.88776 | L74: =+E74*I74*K74 -> 0
B75: Sengkang | E75: =+O75 -> 1.36 | F75: 41 | H75: =+(8/1000)^2*6165 -> 0.39456 | K75: 1 | L75: =+E75*F75*H75*K75 -> 22.000666 | O75: =+(0.24+0.34+0.1)*2 -> 1.36 | R75: =+E67/0.1 -> 40
B76: Jumlah As (A) | L76: =SUM(L68:L75) -> 29.812954 | M76: =SUM(M68:M75) -> 61.528673 | N76: Kg
B77: Sub Jumlah | K77: 4 | L77: =+L76*K77 -> 119.25181 | M77: =+M76*K77 -> 246.11469 | N77: Kg
A78: SLOOF (30X40)
A79: No. | B79: Uraian | E79: P | F79: JLH | G79: JLH | H79: Berat/ Dia Besi | K79: UNIT | L79: BERAT BESI | N79: SATUAN
F80: Sengkang | G80: POTONG | H80: 8 | I80: 12 | J80: 14 | L80: POLOS | M80: ULIR
B81: Kamar Mandi | E81: 2 | O81: 0.014 | P81: 0.012
B82: Tulangan Atas (utama ) | E82: =+O82 -> 2.84 | G82: 4 | J82: =+(14/1000)^2*6165 -> 1.20834 | K82: 1 | M82: =+E82*G82*J82*K82 -> 13.726742 | O82: =2+2*0.15+2*0.2+2*0.07 -> 2.84 | P82: =+O82-0.5 -> 2.34
B83: Tulangan Bagi | E83: =+O83 -> 2.4 | G83: 2 | I83: =+(12/1000)^2*6165 -> 0.88776 | K83: 1 | L83: =+E83*G83*I83*K83 -> 4.261248 | O83: =2.3+2*0.05 -> 2.4
B84: Tulangan Bawah (utama ) | E84: =+O84 -> 2.84 | G84: 4 | J84: =+(14/1000)^2*6165 -> 1.20834 | K84: 1 | M84: =+E84*G84*J84*K84 -> 13.726742 | O84: =+O82 -> 2.84
B85: Tulangan Tromol (Extra) both end | E85: =+O85 -> 1.2 | G85: 2 | J85: =+(14/1000)^2*6165 -> 1.20834 | K85: 2 | M85: =+E85*G85*J85*K85 -> 5.800032 | O85: =0.5+2*20*0.014+0.07*2 -> 1.2
B86: Tulangan Tromol (Extra) middle | E86: =+O86 -> 1.7 | G86: 2 | J86: =+(14/1000)^2*6165 -> 1.20834 | K86: 1 | M86: =+E86*G86*J86*K86 -> 4.108356 | O86: =1+2*0.07+2*20*0.014 -> 1.7
B87: Panjang Penyaluran tul utama | E87: =40*0.014 -> 0.56 | J87: =+(14/1000)^2*6165 -> 1.20834 | M87: =+E87*J87*K87 -> 0 | O87: =2.5+2*20*O81 -> 3.06
B88: Panjang Penyaluran tul bagi | E88: =40*0.012 -> 0.48 | I88: =+(12/1000)^2*6165 -> 0.88776 | L88: =+E88*I88*K88 -> 0
B89: Sengkang | E89: =+O89 -> 1.36 | F89: 21 | H89: =+(8/1000)^2*6165 -> 0.39456 | K89: 1 | L89: =+E89*F89*H89*K89 -> 11.268634 | O89: =+(0.24+0.34+0.1)*2 -> 1.36 | R89: =+E81/0.1 -> 20
B90: Jumlah As (A) | L90: =SUM(L82:L89) -> 15.529882 | M90: =SUM(M82:M89) -> 37.361873 | N90: Kg
B91: Sub Jumlah | K91: 4 | L91: =+L90*K91 -> 62.119526 | M91: =+M90*K91 -> 149.44749 | N91: Kg
B92: Total | L92: =+L34+L49+L63+L77+L91 -> 2336.679 | M92: =+M34+M49+M63+M77+M91 -> 4406.671 | N92: Kg
A93: TAPAK 180 X 180
A94: No. | B94: Uraian | E94: P | F94: JLH | G94: JLH | H94: Berat/ Dia Besi | K94: UNIT | L94: BERAT BESI | N94: SATUAN
F95: Sengkang | G95: POTONG | H95: 8 | I95: 12 | J95: 14 | L95: POLOS | M95: ULIR
B96: Sb y = sb x | E96: =+O96 -> 4.15 | O96: =1.7+1.7+0.3+0.3+0.15 -> 4.15
B97: Tulangan sb Y | E97: =+E96 -> 4.15 | G97: 13 | J97: =+(14/1000)^2*6165 -> 1.20834 | K97: 50 | M97: =+E97*G97*J97*K97 -> 3259.4972 | O97: =1.8/0.15 -> 12
B98: Tulangan Sb.X | E98: =+E96 -> 4.15 | G98: 13 | J98: =+(14/1000)^2*6165 -> 1.20834 | K98: 50 | L98: =+E98*G98*I98*K98 -> 0 | M98: =+E98*G98*J98*K98 -> 3259.4972 | O98: =1.8*1.8*0.4 -> 1.296
B100: Jumlah | L100: =SUM(L97:L99) -> 0 | M100: =SUM(M97:M99) -> 6518.9943 | N100: Kg
A101: TAPAK TANGGA DAN BALOK RIB
A102: No. | B102: Uraian | E102: P | F102: JLH | G102: JLH | H102: Berat/ Dia Besi | K102: UNIT | L102: BERAT BESI | N102: SATUAN
F103: Sengkang | G103: POTONG | H103: 8 | I103: 12 | J103: 14 | L103: POLOS | M103: ULIR
B104: Tapak | E104: =+O104 -> 0
B105: Tulangan sb Y | E105: =+O105 -> 2.7 | G105: 14 | I105: =+(12/1000)^2*6165 -> 0.88776 | L105: =+E105*G105*I105 -> 33.557328 | M105: =+E105*G105*J105*K105 -> 0 | O105: =1.1+1.1+0.2+0.2+0.1 -> 2.7 | P105: =2/0.15 -> 13.333333
B106: Tulangan Sb.X | E106: =+O106 -> 4.3 | G106: 9 | I106: =+(12/1000)^2*6165 -> 0.88776 | L106: =+E106*G106*I106 -> 34.356312 | M106: =+E106*G106*J106*K106 -> 0 | O106: =1.9+1.9+0.2+0.2+0.1 -> 4.3 | P106: =1.2/0.15 -> 8
...

Sheet PERHITUNGAN K-3
C3: RINCIAN MATA PEMBAYARAN PENYELENGGARAAN
C4: KESELEMATAN DAN KESELAMATAN KERJA (K-3) | R4: =0.008*1884000000 -> 15072000
C10: NO | D10: URAIAN PEKERJAAN | I10: SATUAN | J10: VOLUME | K10: WAKTU | L10: HARGA SATUAN | M10: TOTAL HARGA | N10: PPN 10% | O10: JUMLAH HARGA SETELAH PAJAK
L11: (RP.) | M11: (RP.)
C12: A. | D12: ALAT PELINDUNG KERJA
C13: 1 | D13: Tali Keselamatan (Life Line); | I13: Ls | J13: 1 | K13: 1 | L13: 600000 | M13: =J13*K13*L13 -> 600000 | N13: 0.1
N14: 0.1
C15: B. | D15: ALAT PELINDUNG DIRI
C16: 1 | D16: Helm Pelindung | I16: Buah | J16: 5 | K16: 1 | L16: 75000 | M16: =J16*K16*L16 -> 375000
C17: =C16+1 -> 2 | D17: Sarung Tangan | I17: Set | J17: 5 | K17: 1 | L17: 65000 | M17: =J17*K17*L17 -> 325000
D18: Rumpi | I18: Buah | J18: 3 | K18: 3 | M18: =J18*K18*L18 -> 0
C19: 3 | D19: Sepatu Keselamatan | I19: Set | J19: 5 | K19: 1 | L19: 300000 | M19: =J19*K19*L19 -> 1500000
C20: =C19+1 -> 4 | D20: Masker | I20: Buah | J20: 5 | K20: 1 | L20: 5000 | M20: =J20*K20*L20 -> 25000
C22: C. | D22: FASILITAS SARANA KESEHATAN
C23: 1 | D23: Peralatan P3K (Kotak P3K, Tandu, Tabung Oksigen, Obat Luka, Perban, dll) | I23: Ls | J23: 1 | K23: 1 | L23: 1000000 | M23: =J23*K23*L23 -> 1000000
C25: D. | D25: ASURANSI DAN PERIJINAN
C26: 1 | D26: BPJS Ketenagakerjaan dan Kesehatan Kerja; (BERDASARKAN KEPMENAKER NOMOR : KEP-196/MEN/1999, untuk tenaga harian proyek | I26: Ls | J26: 1 | K26: 1 | L26: =M47 -> 897702.5 | M26: =J26*K26*L26 -> 897702.5 | N26: 0.1 | R26: =240/30 -> 8
C28: E. | D28: RAMBU-RAMBU
C29: 1 | D29: Rambu Larangan; | I29: Bh | J29: 1 | K29: 1 | L29: 100000 | M29: =J29*K29*L29 -> 100000
C30: 2 | D30: Rambu Peringatan; | I30: Bh | J30: 1 | K30: 1 | L30: 100000 | M30: =J30*K30*L30 -> 100000
L33: JUMLAH TOTAL | M33: =SUM(M13:P31) -> 4922702.8 | R33: PAGU | S33: 706500000
L34: DIBULATKAN | M34: =ROUNDDOWN(M33,-3) -> 4922000 | S34: =0.008*S33 -> 5652000
C38: PERHITUNGAN IURAN BPJS KETENAGAAN KERJAAN SEKTOR JASA KONSTRUKSI
C40: NO | D40: RANGE NILAI PROYEK | I40: RANGE NILAI YANG DIHITUNG | K40: % PREMI | M40: PREMI | N40: KETERANGAN
C42: 1 | D42: 1000000 | F42: S/D | G42: 100000000 | I42: = | K42: 0.0024 | M42: =K42*J42 -> 0
C43: 2 | D43: =G42 -> 100000000 | F43: S/D | G43: 500000000 | I43: = | J43: 472475000 | K43: 0.0019 | M43: =K43*J43 -> 897702.5
C44: 3 | D44: =G43 -> 500000000 | F44: S/D | G44: 1000000000 | I44: = | K44: 0.0015 | M44: =K44*J44 -> 0 | S44: =J43*2% -> 9449500
C45: 4 | D45: =G44 -> 1000000000 | F45: S/D | G45: 5000000000 | I45: = | K45: 0.0012 | M45: =K45*J45 -> 0 | R45: 1000000000
C46: 5 | F46: > | G46: =G45 -> 5000000000 | I46: = | K46: 0.001 | M46: =K46*J46 -> 0
C47: TOTAL PREMI YANG HARUS DI BAYAR | M47: =SUM(M42:M46) -> 897702.5
J61: =J43+J44 -> 472475000
