Workbook

Sheet INFORMASI
A1: AHS PEKERJAAN LANSEKAP
A2: DIBUAT BERDASARKAN SURAT EDARAN BINA KONSTRUKSI NO. 182 TAHUN 2025
A5: ANALISA HARGA SATUAN INI
A6: TERDIRI DARI HSP (HARGA SATUAN PEKERJAAN), AHS (ANALISA HARGA SATUAN), HSD (HARGA SATUAN DASAR) UPAH BAHAN ALAT
A8: Untuk pembuatan RAB harap diperhatikan penjumlahan dalam analisa karena bisa berubah setiap program excel sehingga mengakibatkan ketidak validan perhitungan
B11: BACA DULU :
B12: 1. Program ini terdiri dari HSP (Harga Satuan Pekerjaan), AHS (Analisa harga satuan), HSD (Harga Satuan Dasar) Upah dan Bahan
B13: 2. Cukup merubah harga HSD maka AHS dan HSP akan langsung berubah menyesuaikan
B14: 3. AHS ini dibuat berdasarkan SE Bina Konstruksi No. 182 tahun 2025, sebagai update dari SE BK No. 30 Tahun 2025
B15: 4. Untuk membuat RAB, cukup cari pekerjaan yang sesuai di HSP, lalu dari HSP cek AHS, dari AHS kemudian rubah harga bahan di HSD, otomatis AHS dan HSP akan berubah menyesuaikan, harga pada HSP bisa digunakan untuk RAB
B16: 5. Harga default untuk Bahan dan alat adalah Rp.10.000 yang bisa diubah sesuai harga setempat

Sheet HSP
A1: 4 PEKERJAAN LANSEKAP
A2: HARGA SATUAN PEKERJAAN
A4: No. Mata Pembayaran | B4: Uraian | C4: Satuan | D4: Harga Satuan (Rp)
A5: 4 | B5: PEKERJAAN LANSEKAP
A6: 4.1 | B6: PEKERJAAN PENANAMAN TANAMAN
A7: 4.1.1 | B7: HSD Pengadaan dan Pengangkutan Tanaman
A8: 4.1.1.2 | B8: Analisis Produktivitas Truck Angkutan Pohon kecil di Polybag 20 L
A9: 4.1.1.3 | B9: Pengadaan dan Pengangkutan Pohon Kecil di Polybag 20 Liter | C9: pohon | D9: =ANGKUTAN!G15 -> 14797.75
A10: 4.1.1.5 | B10: Pengadaan dan Pengangkutan Pohon Kecil di Polybag 25 Liter | C10: pohon | D10: =ANGKUTAN!G31 -> 15595.25
A11: 4.1.1.7 | B11: Pengadaan dan Pengangkutan Pohon Sedang di Polybag 50 Liter | C11: pohon | D11: =ANGKUTAN!G47 -> 18546
A12: 4.1.1.9 | B12: Pengadaan dan Pengangkutan Pohon Sedang di Polybag 75 Liter | C12: pohon | D12: =ANGKUTAN!G63 -> 25437.5
A13: 4.1.1.11 | B13: Pengadaan dan Pengangkutan Pohon Besar di Polybag 100 Liter | C13: pohon | D13: =ANGKUTAN!G80 -> 83382.75
A14: 4.1.1.13 | B14: Pengadaan dan Pengangkutan Pohon Besar di Polybag 150 Liter | C14: pohon | D14: =ANGKUTAN!G97 -> 85877
A15: 4.1.1.15 | B15: Pengadaan dan Pengangkutan Pohon Besar di Polybag 200 Liter | C15: pohon | D15: =ANGKUTAN!G114 -> 114053.5
A16: 4.1.1.17 | B16: Pengadaan dan Pengangkutan Pohon Besar di Polybag 250 Liter | C16: pohon | D16: =ANGKUTAN!G131 -> 148274.5
A17: 4.1.1.19 | B17: Pengadaan dan Pengangkutan Palem Rumpun Kecil di Polybag 11 L | C17: pohon | D17: =ANGKUTAN!G147 -> 12097.25
A18: 4.1.1.21 | B18: Pengadaan dan Pengangkutan Palem Rumpun Kecil di Polybag 20 L | C18: pohon | D18: =ANGKUTAN!G163 -> 14357.75
A19: 4.1.1.23 | B19: Pengadaan dan Pengangkutan Palem Rumpun Besar di Polybag 50 L | C19: pohon | D19: =ANGKUTAN!G179 -> 18546
A20: 4.1.1.25 | B20: Pengadaan dan Pengangkutan Palem Tunggal Kecil di Polybag 11 L | C20: pohon | D20: =ANGKUTAN!G195 -> 12097.25
A21: 4.1.1.27 | B21: Pengadaan dan Pengangkutan Palem Tunggal Kecil di Polybag 20 L | C21: pohon | D21: =ANGKUTAN!G211 -> 14357.75
A22: 4.1.1.29 | B22: Pengadaan dan Pengangkutan Palem Tunggal Kecil di Polybag 25 L | C22: pohon | D22: =ANGKUTAN!G227 -> 15595.25
A23: 4.1.1.31 | B23: Pengadaan dan Pengangkutan Palem Tunggal Kecil di Polybag 50 L | C23: pohon | D23: =ANGKUTAN!G243 -> 18546
A24: 4.1.1.33 | B24: Pengadaan dan Pengangkutan Palem Tunggal Besar di Polybag 100 L | C24: pohon | D24: =ANGKUTAN!G260 -> 83382.75
A25: 4.1.1.35 | B25: Pengadaan dan Pengangkutan Palem Tunggal Besar di Polybag 150 L | C25: pohon | D25: =ANGKUTAN!G277 -> 85877
A26: 4.1.1.37 | B26: Pengadaan dan Pengangkutan Semak di Polybag 5 Liter | C26: polybag | D26: =ANGKUTAN!G293 -> 11803
A27: 4.1.1.39 | B27: Pengadaan dan Pengangkutan Semak di Polybag 11 Liter | C27: polybag | D27: =ANGKUTAN!G309 -> 12097.25
A28: 4.1.1.41 | B28: Pengadaan dan Pengangkutan Semak di Polybag 20 Liter | C28: polybag | D28: =ANGKUTAN!G325 -> 14357.75
A29: 4.1.1.25 | B29: Pengadaan dan Pengangkutan Penutup Tanah | C29: m2 | D29: =ANGKUTAN!G341 -> 12680.25
A30: 4.1.1.27 | B30: Pengadaan dan Pengangkutan Rumput | C30: m2 | D30: =ANGKUTAN!G357 -> 14371.5
A32: 4.1.2 | B32: Penanaman Pohon
A33: 4.1.2.1 | B33: Pohon Kecil, Polybag 20 L
A34: 4.1.2.1.1 | B34: Penanaman 1 Buah Pohon Kecil Bunga Mentega (Nerium Oleander) Diameter 1-2 cm, Tinggi 2-2,5 Meter, Polybag 20 L | C34: buah | D34: ='4. AHS LANDSKAP'!G25 -> 190202.1 | F34: =LEFT(B32(B34)-3) -> #REF!
A35: 4.1.2.1.2 | B35: Penanaman 1 Buah Pohon Kecil Bunga Terompet Kuning (Tecoma Stans) Diameter 1-2 cm, Tinggi 2-2,5 meter, Polybag 20L | C35: buah | D35: ='4. AHS LANDSKAP'!G51 -> 190202.1
A36: 4.1.2.1.3 | B36: Penanaman 1 Buah Pohon Kecil Bungur Sakura/Bungur Jepang (Lagerstroemia Indica) Diameter 1-2 cm, Tinggi 2-2,5 meter, Polybag 20 L | C36: buah | D36: ='4. AHS LANDSKAP'!G76 -> 190202.1
A37: 4.1.2.1.4 | B37: Penanaman 1 Buah Pohon Kecil Cassia Glauca/Hujan Emas (Senna Surattensis) Diameter 1-2 cm, Tinggi 2-2,5 meter, Polybag 20 L | C37: buah | D37: ='4. AHS LANDSKAP'!G101 -> 190202.1
A38: 4.1.2.1.5 | B38: Penanaman 1 Buah Pohon Kecil Dracaena ‘Song of India’ (Dracaena Reflexa "Song of India") Diameter 1-2 cm, Tinggi 2-2,5 meter, Polybag 20 L | C38: buah | D38: ='4. AHS LANDSKAP'!G126 -> 190202.1
A39: 4.1.2.1.6 | B39: Penanaman 1 Buah Pohon Kecil Dracaena 'Song of Jamaica' (Dracaena Reflexa "Song of Jamaica") Diameter 1-2 cm, Tinggi 2-2,5 meter, Polybag 20 L | C39: buah | D39: ='4. AHS LANDSKAP'!G151 -> 190202.1
A40: 4.1.2.1.7 | B40: Penanaman 1 Buah Pohon Kecil Jarak Batavia (Jatropha Integerrima) Diameter 1-2 cm, Tinggi 2-2,5 meter, Polybag 20 L | C40: buah | D40: ='4. AHS LANDSKAP'!G175 -> 190202.1
A41: 4.1.2.1.8 | B41: Penanaman 1 Buah Pohon Kecil Kayu Putih Kuning (Melaleuca Revolution Gold) Diameter 1-2 cm, Tinggi 2-2,5 meter, Polybag 20L | C41: buah | D41: ='4. AHS LANDSKAP'!G199 -> 190202.1
A42: 4.1.2.1.9 | B42: Penanaman 1 Buah Pohon Kecil Bugenvil/Bunga Kertas (Bougainvillea sp.) Diameter 1-2 cm, Tinggi 2-2,5 meter, Polybag 20L | C42: buah | D42: ='4. AHS LANDSKAP'!G223 -> 190202.1
A43: 4.1.2.1.10 | B43: Penanaman 1 Buah Pohon Kecil Penda Merah (Xanthostemon Youngii) Diameter 1-2 cm, Tinggi 2-2,5 meter, Polybag 20 L | C43: buah | D43: ='4. AHS LANDSKAP'!G247 -> 190202.1
A44: 4.1.2.1.11 | B44: Penanaman 1 Buah Pohon Kecil Pucuk Merah (Syzygium Myrtifolium) Diameter 1-2 cm, Tinggi 2-2,5 meter, Polybag 20 L | C44: buah | D44: ='4. AHS LANDSKAP'!G271 -> 190202.1
A45: 4.1.2.1.12 | B45: Penanaman 1 Buah Pohon Kecil Sikat Botol (Callistemon Viminalis) Diameter 1-2 cm, Tinggi 2-2,5 meter, Polybag 20 L | C45: buah | D45: ='4. AHS LANDSKAP'!G296 -> 190202.1
A46: 4.1.2.1.13 | B46: Penanaman 1 Buah Pohon Kecil Thevetia (Thevetia Peruviana) Diameter 1-2 cm, Tinggi 2-2,5 meter, Polybag 20 L | C46: buah | D46: ='4. AHS LANDSKAP'!G320 -> 190202.1
A47: 4.1.2.1.14 | B47: Penanaman 1 Buah Pohon Kecil Turi (Sesbania Grandiflora) Diameter 1-2 cm, Tinggi 2-2,5 meter, Polybag 20 L | C47: buah | D47: ='4. AHS LANDSKAP'!G344 -> 190202.1
A48: 4.1.2.1.15 | B48: Penanaman 1 Buah Pohon Kecil Kembang Merak (Caesalpinia Pulcherrima) Diameter 1-2 cm, Tinggi 2-2,5 meter, Polybag 20L | C48: buah | D48: ='4. AHS LANDSKAP'!G368 -> 190202.1
A49: 4.1.2.1.16 | B49: Penanaman 1 Buah Pohon Kecil Pandan Bali (Cordyline Australis) Diameter 1-2 cm, Tinggi 2-2,5 meter, Polybag 20 L | C49: buah | D49: ='4. AHS LANDSKAP'!G392 -> 190202.1
A50: 4.1.2.1.17 | B50: Penanaman 1 Buah Pohon Kecil Yucca (Yucca sp.) Diameter 1-2 cm, Tinggi 2-2,5 meter, Polybag 20 L | C50: buah | D50: ='4. AHS LANDSKAP'!G416 -> 190202.1
A52: 4.1.2.2 | B52: Pohon Kecil, Polybag 25 L
A53: 4.1.2.2.1 | B53: Penanaman 1 Buah Pohon Kecil Bunga Mentega (Nerium Oleander), Diameter 2-3 cm, Tinggi 2-2,5 meter, Polybag 25 L | C53: buah | D53: ='4. AHS LANDSKAP'!G441 -> 191288.9
A54: 4.1.2.2.2 | B54: Penanaman 1 Buah Pohon Kecil Bunga Terompet Kuning (Tecoma stans), Diameter 2-3 cm, Tinggi 2-2,5 meter, Polybag 25L | C54: buah | D54: ='4. AHS LANDSKAP'!G465 -> 191288.9
A55: 4.1.2.2.3 | B55: Penanaman 1 Buah Pohon Kecil Bungur Sakura/Bungur Jepang (Lagerstroemia indica), Diameter 2-3 cm, Tinggi 2-2,5 meter, Polybag 25 L | C55: buah | D55: ='4. AHS LANDSKAP'!G489 -> 191288.9
A56: 4.1.2.2.4 | B56: Penanaman 1 Buah Pohon Kecil Cassia Glauca (Senna Surattensis), Diameter 2-3 cm, Tinggi 2-2,5 meter, Polybag 25 L | C56: buah | D56: ='4. AHS LANDSKAP'!G513 -> 191288.9
A57: 4.1.2.2.5 | B57: Penanaman 1 Buah Pohon Kecil Dracaena ‘Song of India’ (Dracaena reflexa "song of india"), Diameter 2-3 cm, Tinggi 2-2,5 meter, Polybag 25 L | C57: buah | D57: ='4. AHS LANDSKAP'!G537 -> 191288.9
A58: 4.1.2.2.6 | B58: Penanaman 1 Buah Pohon Kecil Dracaena 'Song of Jamaica' (Dracaena reflexa "song of jamaica"), Diameter 2-3 cm, Tinggi 2-2,5 meter, Polybag 25 L | C58: buah | D58: ='4. AHS LANDSKAP'!G561 -> 191288.9
A59: 4.1.2.2.7 | B59: Penanaman 1 Buah Pohon Kecil Jarak Batavia (Jatropha Integerrima), Diameter 2-3 cm, Tinggi 2-2,5 meter, Polybag 25L | C59: buah | D59: ='4. AHS LANDSKAP'!G585 -> 191288.9
A60: 4.1.2.2.8 | B60: Penanaman 1 Buah Pohon Kecil Kayu Putih Kuning (Melaleuca Revolution Gold), Diameter 2-3 cm, Tinggi 2-2,5 meter, Polybag 25L | C60: buah | D60: ='4. AHS LANDSKAP'!G609 -> 191288.9
A61: 4.1.2.2.9 | B61: Penanaman 1 Buah Pohon Kecil Pucuk Merah (Syzygium Myrtifolium), Diameter 2-3 cm, Tinggi 2-2,5 meter, Polybag 25L | C61: buah | D61: ='4. AHS LANDSKAP'!G633 -> 191288.9
A62: 4.1.2.2.10 | B62: Penanaman 1 Buah Pohon Kecil Sikat Botol (Callistemon Viminalis), Diameter 2-3 cm, Tinggi 2-2,5 meter, Polybag 25 L | C62: buah | D62: ='4. AHS LANDSKAP'!G657 -> 191288.9
A63: 4.1.2.2.11 | B63: Penanaman 1 Buah Pohon Kecil Thevetia (Thevetia peruviana), Diameter 2-3 cm, Tinggi 2-2,5 meter, Polybag 25 L | C63: buah | D63: ='4. AHS LANDSKAP'!G681 -> 191288.9
A64: 4.1.2.2.12 | B64: Penanaman 1 Buah Pohon Kecil Turi (Sesbania Grandiflora), Diameter 2-3 cm, Tinggi 2-2,5 meter, Polybag 25 L | C64: buah | D64: ='4. AHS LANDSKAP'!G705 -> 191288.9
A66: 4.1.2.3 | B66: Pohon Sedang, Polybag 50 L
A67: 4.1.2.3.1 | B67: Penanaman 1 Buah Pohon Sedang Bintaro (Cerbera Manghas), Diameter 3-5 cm, Tinggi 3-4 meter, Polybag 50 L | C67: buah | D67: ='4. AHS LANDSKAP'!G731 -> 265364
A68: 4.1.2.3.2 | B68: Penanaman 1 Buah Pohon Sedang Bunga Kupu-Kupu (Bauhinia Blakeana/Purpurea), Diameter 3-5 cm, Tinggi 3-4 meter, Polybag 50L | C68: buah | D68: ='4. AHS LANDSKAP'!G756 -> 265364
A69: 4.1.2.3.3 | B69: Penanaman 1 Buah Pohon Sedang Bunga Terompet Kuning (Tecoma stans), Diameter 3-5 cm, Tinggi 3-4 meter, Polybag 50 L | C69: buah | D69: ='4. AHS LANDSKAP'!G782 -> 265364
A70: 4.1.2.3.4 | B70: Penanaman 1 Buah Pohon Sedang Flamboyan (Delonix Regia), Diameter 3-5 cm, Tinggi 3-4 meter, Polybag 50 L | C70: buah | D70: ='4. AHS LANDSKAP'!G807 -> 265364
A71: 4.1.2.3.5 | B71: Penanaman 1 Buah Pohon Sedang Flamboyan Kuning (Peltophorum Pterocarpum), Diameter 3-5 cm, Tinggi 3-4 meter, Polybag 50 L | C71: buah | D71: ='4. AHS LANDSKAP'!G832 -> 265364
A72: 4.1.2.3.6 | B72: Penanaman 1 Buah Pohon Sedang Janda Merana (Salix Babilonica), Diameter 3-5 cm, Tinggi 3-4 meter, Polybag 50 L | C72: buah | D72: ='4. AHS LANDSKAP'!G857 -> 265364
A73: 4.1.2.3.7 | B73: Penanaman 1 Buah Pohon Sedang Ketapang kencana (Terminalia mantaly), Diameter 3-5 cm, Tinggi 3-4 meter, Polybag 50 L | C73: buah | D73: ='4. AHS LANDSKAP'!G882 -> 265364
A74: 4.1.2.3.8 | B74: Penanaman 1 Buah Pohon Sedang Sosis (Kigelia Africana), Diameter 3-5 cm, Tinggi 3-4 meter, Polybag 50 L | C74: buah | D74: ='4. AHS LANDSKAP'!G907 -> 265364
A75: 4.1.2.3.9 | B75: Penanaman 1 Buah Pohon Sedang Tabebuya (Tabebuia sp.), Diameter 3-5 cm, Tinggi 3-4 meter, Polybag 50 L | C75: buah | D75: ='4. AHS LANDSKAP'!G932 -> 265364
A76: 4.1.2.3.10 | B76: Penanaman 1 Buah Pohon Sedang Waru (Hibiscus Tiliaceus), Diameter 3-5 cm, Tinggi 3-4 meter, Polybag 50 L | C76: buah | D76: ='4. AHS LANDSKAP'!G957 -> 265364
A77: 4.1.2.3.11 | B77: Penanaman 1 Buah Pohon Sedang Pakis Brazil (Schizolobium Parahyba), Diameter 3-5 cm, Tinggi 3-4 meter, Polybag 50 L | C77: buah | D77: ='4. AHS LANDSKAP'!G982 -> 265364
A78: 4.1.2.3.12 | B78: Penanaman 1 Buah Pohon Sedang Leda (Eucalyptus Deglupta), Diameter 3-5 cm, Tinggi 3-4 meter, Polybag 50 L | C78: buah | D78: ='4. AHS LANDSKAP'!G1007 -> 265364
A79: 4.1.2.3.13 | B79: Penanaman 1 Buah Pohon Sedang Saga (Adenanthera Pavonina), Diameter 3-5 cm, Tinggi 3-4 meter, Polybag 50 L | C79: buah | D79: ='4. AHS LANDSKAP'!G1032 -> 265364
A80: 4.1.2.3.14 | B80: Penanaman 1 Buah Pohon Sedang Kiara Payung (Filicium Decipiens), Diameter 3-5 cm, Tinggi 3-4 meter, Polybag 50 L.......................................................... | C80: buah | D80: ='4. AHS LANDSKAP'!G1057 -> 265364
A82: 4.1.2.4 | B82: Pohon Sedang, Polybag 75 L
A83: 4.1.2.4.1 | B83: Penanaman 1 Buah Pohon Sedang Bintaro (Cerbera Manghas), Diameter 5-7 cm, Tinggi 3-4 meter, Polybag 75 L | C83: buah | D83: ='4. AHS LANDSKAP'!G1083 -> 273185
A84: 4.1.2.4.2 | B84: Penanaman 1 Buah Pohon Sedang Biola Cantik (Ficus Lyrata), Diameter 5-7 cm, Tinggi 3-4 meter, Polybag 75 L | C84: buah | D84: ='4. AHS LANDSKAP'!G1108 -> 273185
A85: 4.1.2.4.3 | B85: Penanaman 1 Buah Pohon Sedang Bunga Kupu-Kupu (Bauhinia Blakeana/Purpurea), Diameter 5-7 cm, Tinggi 3-4 meter, Polybag 75 L | C85: buah | D85: ='4. AHS LANDSKAP'!G1133 -> 273185
A86: 4.1.2.4.4 | B86: Penanaman 1 Buah Pohon Sedang Bungur (Lagerstroemia Speciosa), Diameter 5-7 cm, Tinggi 3-4 meter, Polybag 75 L | C86: buah | D86: ='4. AHS LANDSKAP'!G1158 -> 273185
A87: 4.1.2.4.5 | B87: Penanaman 1 Buah Pohon Sedang Flamboyan (Delonix Regia), Diameter 5-7 cm, Tinggi 3-4 meter, Polybag 75 L | C87: buah | D87: ='4. AHS LANDSKAP'!G1183 -> 273185
A88: 4.1.2.4.6 | B88: Penanaman 1 Buah Pohon Sedang Flamboyan Kuning (Peltophorum Pterocarpum), Diameter 5-7 cm, Tinggi 3-4 meter, Polybag 75 L | C88: buah | D88: ='4. AHS LANDSKAP'!G1208 -> 273185
A89: 4.1.2.4.7 | B89: Penanaman 1 Buah Pohon Sedang Janda Merana (Salix Babilonica), Diameter 5-7 cm, Tinggi 3-4 meter, Polybag 75 L | C89: buah | D89: ='4. AHS LANDSKAP'!G1233 -> 273185
A90: 4.1.2.4.8 | B90: Penanaman 1 Buah Pohon Sedang Kamboja (Plumeria Sp.), Diameter 5-7 cm, Tinggi 3-4 meter, Polybag 75 L | C90: buah | D90: ='4. AHS LANDSKAP'!G1258 -> 273185
A91: 4.1.2.4.9 | B91: Penanaman 1 Buah Pohon Sedang Keben (Barringtonia Asiatica), Diameter 5-7 cm, Tinggi 3-4 meter, Polybag 75 L | C91: buah | D91: ='4. AHS LANDSKAP'!G1283 -> 273185
A92: 4.1.2.4.10 | B92: Penanaman 1 Buah Pohon Sedang Kecrutan (Spathodea Campanulata), Diameter 5-7 cm, Tinggi 3-4 meter, Polybag 75 L | C92: buah | D92: ='4. AHS LANDSKAP'!G1308 -> 273185
A93: 4.1.2.4.11 | B93: Penanaman 1 Buah Pohon Sedang Ketapang Kencana (Terminalia Mantaly), Diameter 5-7 cm, Tinggi 3-4 meter, Polybag 75 L | C93: buah | D93: ='4. AHS LANDSKAP'!G1333 -> 273185
A94: 4.1.2.4.12 | B94: Penanaman 1 Buah Pohon Sedang Mahoni (Swietenia Mahagoni), Diameter 5-7 cm, Tinggi 3-4 meter, Polybag 75 L | C94: buah | D94: ='4. AHS LANDSKAP'!G1358 -> 273185
A95: 4.1.2.4.13 | B95: Penanaman 1 Buah Pohon Sedang Pulai (Alstonia Scholaris), Diameter 5-7 cm, Tinggi 3-4 meter, Polybag 75 L | C95: buah | D95: ='4. AHS LANDSKAP'!G1383 -> 273185
A96: 4.1.2.4.14 | B96: Penanaman 1 Buah Pohon Sedang Putat (Planchonia Valida), Diameter 5-7 cm, Tinggi 3-4 meter, Polybag 75 L | C96: buah | D96: ='4. AHS LANDSKAP'!G1408 -> 273185
A97: 4.1.2.4.15 | B97: Penanaman 1 Buah Pohon Sedang Sosis (Kigelia Africana), Diameter 5-7 cm, Tinggi 3-4 meter, Polybag 75 L | C97: buah | D97: ='4. AHS LANDSKAP'!G1433 -> 273185
A98: 4.1.2.4.16 | B98: Penanaman 1 Buah Pohon Sedang Tabebuya (Tabebuia Sp.), Diameter 5-7 cm, Tinggi 3-4 meter, Polybag 75 L | C98: buah | D98: ='4. AHS LANDSKAP'!G1458 -> 273185
A99: 4.1.2.4.17 | B99: Penanaman 1 Buah Pohon Sedang Trembesi (Samanea Saman), Diameter 5-7 cm, Tinggi 3-4 meter, Polybag 75 L | C99: buah | D99: ='4. AHS LANDSKAP'!G1483 -> 273185
A100: 4.1.2.4.18 | B100: Penanaman 1 Buah Pohon Sedang Waru (Hibiscus Tiliaceus), Diameter 5-7 cm, Tinggi 3-4 meter, Polybag 75 L | C100: buah | D100: ='4. AHS LANDSKAP'!G1508 -> 273185
A101: 4.1.2.4.19 | B101: Penanaman 1 Buah Pohon Sedang Pakis Brazil (Schizolobium Parahyba), Diameter 5-7 cm, Tinggi 3-4 meter, Polybag 75 L | C101: buah | D101: ='4. AHS LANDSKAP'!G1533 -> 273185
A102: 4.1.2.4.20 | B102: Penanaman 1 Buah Pohon Sedang Leda (Eucalyptus Deglupta), Diameter 5-7 cm, Tinggi 3-4 meter, Polybag 75 L | C102: buah | D102: ='4. AHS LANDSKAP'!G1558 -> 273185
A103: 4.1.2.4.21 | B103: Penanaman 1 Buah Pohon Sedang Saga (Adenanthera Pavonina), Diameter 5-7 cm, Tinggi 3-4 meter, Polybag 75 L | C103: buah | D103: ='4. AHS LANDSKAP'!G1583 -> 273185
A104: 4.1.2.4.22 | B104: Penanaman 1 Buah Pohon Sedang Kiara Payung (Filicium Decipiens), Diameter 5-7 cm, Tinggi 3-4 meter, Polybag 75 L | C104: buah | D104: ='4. AHS LANDSKAP'!G1608 -> 273185
A106: 4.1.2.5 | B106: Pohon Besar, Polybag 100 L
...

Sheet 4. AHS LANDSKAP
A1: 4.1.2 Penanaman Pohon
A2: 4.1.2.1 Pohon Kecil, Polybag 20 L
A3: 4.1.2.1.1 Penanaman 1 Buah Pohon Kecil Bunga Mentega (Nerium Oleander) Diameter 1-2 cm, Tinggi 2-2,5 Meter, Polybag 20 L
A4: No | B4: Uraian | C4: Kode | D4: Satuan | E4: Koefisien | F4: Harga Satuan (Rp.) | G4: Jumlah Harga (Rp.)
A5: A | B5: TENAGA KERJA
A6: 1 | B6: Tukang Tanam | C6: L.02 | D6: OH | E6: 0,0143 | F6: =VLOOKUP(B6,'HSD UPAH,BAHAN,ALAT'!$C$6:F304,4,FALSE) -> 100000 | G6: =E6*F6 -> 1430
A7: 2 | B7: Kepala Tukang Tanam | C7: L.03 | D7: OH | E7: 0,0048 | F7: =VLOOKUP(B7,'HSD UPAH,BAHAN,ALAT'!$C$6:F304,4,FALSE) -> 120000 | G7: =E7*F7 -> 576
A8: 3 | B8: Mandor | C8: L.04 | D8: OH | E8: 0,0016 | F8: =VLOOKUP(B8,'HSD UPAH,BAHAN,ALAT'!$C$6:F304,4,FALSE) -> 100000 | G8: =E8*F8 -> 160
A9: Jumlah Harga Tenaga Kerja | G9: =SUM(G5:G8) -> 2166
A10: B | B10: BAHAN
A11: 1 | B11: Pohon Bunga Mentega di Polybag 20 Liter | D11: buah | E11: 1,05 | F11: =VLOOKUP(B11,'HSD UPAH,BAHAN,ALAT'!$C$6:F318,4,FALSE) -> 10000 | G11: =E11*F11 -> 10500
A12: 2 | B12: Anti Rayap pada Tanah | D12: kg | E12: 0,005 | F12: =VLOOKUP(B12,'HSD UPAH,BAHAN,ALAT'!$C$6:F319,4,FALSE) -> 10000 | G12: =E12*F12 -> 50
A13: 3 | B13: Steger | G13: =E13*F13 -> 0
A14: a | B14: bambu* dia. 3-5 cm | D14: m' | E14: 6,00 | F14: =VLOOKUP(B14,'HSD UPAH,BAHAN,ALAT'!$C$6:F321,4,FALSE) -> 10000 | G14: =E14*F14 -> 60000
A15: b | B15: tali ijuk/pengikat sejenisnya | D15: m' | E15: 10,00 | F15: =VLOOKUP(B15,'HSD UPAH,BAHAN,ALAT'!$C$6:F322,4,FALSE) -> 10000 | G15: =E15*F15 -> 100000
A16: 4 | B16: Media Tanam | G16: =E16*F16 -> 0
A17: a | B17: tanah subur : 75 % | D17: m3 | E17: 0,0146 | F17: =VLOOKUP(B17,'HSD UPAH,BAHAN,ALAT'!$C$6:F324,4,FALSE) -> 10000 | G17: =E17*F17 -> 146
A18: b | B18: pupuk organik : 20 % | D18: m3 | E18: 0,0039 | F18: =VLOOKUP(B18,'HSD UPAH,BAHAN,ALAT'!$C$6:F325,4,FALSE) -> 10000 | G18: =E18*F18 -> 39
A19: c | B19: pasir pasang : 5 % | D19: m3 | E19: 0,0010 | F19: =VLOOKUP(B19,'HSD UPAH,BAHAN,ALAT'!$C$6:F326,4,FALSE) -> 10000 | G19: =E19*F19 -> 10
A20: Jumlah Harga Bahan | G20: =SUM(G11:G19) -> 170745
A21: C | B21: PERALATAN
A22: Jumlah Harga Alat | G22: =SUM(G21) -> 0
A23: D | B23: Jumlah Harga Tenaga Kerja, Bahan dan Peralatan (A+B+C) | G23: =SUM(G5:G22)/2 -> 172911
A24: E | B24: Biaya Umum dan Keuntungan (10% - 15%) x D | F24: 0.1 | G24: =G23*F24 -> 17291.1
A25: F | B25: Harga Satuan Pekerjaan (D+E) | G25: =G23+G24 -> 190202.1
A26: *) panjang bambu 2 m' x 3 batang
A28: 4.1.2.1.2 Penanaman 1 Buah Pohon Kecil Bunga Terompet Kuning
A29: (Tecoma Stans) Diameter 1-2 cm, Tinggi 2-2,5 meter, Polybag 20L
A30: No | B30: Uraian | C30: Kode | D30: Satuan | E30: Koefisien | F30: Harga Satuan (Rp.) | G30: Jumlah Harga (Rp.)
A31: A | B31: TENAGA KERJA
A32: 1 | B32: Tukang Tanam | C32: L.02 | D32: OH | E32: 0,0143 | F32: =VLOOKUP(B32,'HSD UPAH,BAHAN,ALAT'!$C$6:F335,4,FALSE) -> 100000 | G32: =E32*F32 -> 1430
A33: 2 | B33: Kepala Tukang Tanam | C33: L.03 | D33: OH | E33: 0,0048 | F33: =VLOOKUP(B33,'HSD UPAH,BAHAN,ALAT'!$C$6:F336,4,FALSE) -> 120000 | G33: =E33*F33 -> 576
A34: 3 | B34: Mandor | C34: L.04 | D34: OH | E34: 0,0016 | F34: =VLOOKUP(B34,'HSD UPAH,BAHAN,ALAT'!$C$6:F337,4,FALSE) -> 100000 | G34: =E34*F34 -> 160
A35: Jumlah Harga Tenaga Kerja | G35: =SUM(G31:G34) -> 2166
A36: B | B36: BAHAN
A37: 1 | B37: Pohon Bunga Terompet Kuning di Polybag 20 Liter | D37: buah | E37: 1,05 | F37: =VLOOKUP(B37,'HSD UPAH,BAHAN,ALAT'!$C$6:F340,4,FALSE) -> 10000 | G37: =E37*F37 -> 10500
A38: 2 | B38: Anti Rayap pada Tanah | D38: kg | E38: 0,005 | F38: =VLOOKUP(B38,'HSD UPAH,BAHAN,ALAT'!$C$6:F341,4,FALSE) -> 10000 | G38: =E38*F38 -> 50
A39: 3 | B39: Steger | G39: =E39*F39 -> 0
A40: a | B40: bambu* dia. 3-5 cm | D40: m' | E40: 6,00 | F40: =VLOOKUP(B40,'HSD UPAH,BAHAN,ALAT'!$C$6:F343,4,FALSE) -> 10000 | G40: =E40*F40 -> 60000
A41: b | B41: tali ijuk/pengikat sejenisnya | D41: m' | E41: 10,00 | F41: =VLOOKUP(B41,'HSD UPAH,BAHAN,ALAT'!$C$6:F344,4,FALSE) -> 10000 | G41: =E41*F41 -> 100000
A42: 4 | B42: Media Tanam | G42: =E42*F42 -> 0
A43: a | B43: tanah subur : 75 % | D43: m3 | E43: 0,0146 | F43: =VLOOKUP(B43,'HSD UPAH,BAHAN,ALAT'!$C$6:F346,4,FALSE) -> 10000 | G43: =E43*F43 -> 146
A44: b | B44: pupuk organik : 20 % | D44: m3 | E44: 0,0039 | F44: =VLOOKUP(B44,'HSD UPAH,BAHAN,ALAT'!$C$6:F347,4,FALSE) -> 10000 | G44: =E44*F44 -> 39
A45: c | B45: pasir pasang : 5 % | D45: m3 | E45: 0,0010 | F45: =VLOOKUP(B45,'HSD UPAH,BAHAN,ALAT'!$C$6:F348,4,FALSE) -> 10000 | G45: =E45*F45 -> 10
A46: Jumlah Harga Bahan | G46: =SUM(G37:G45) -> 170745
A47: C | B47: PERALATAN
A48: Jumlah Harga Alat | G48: =SUM(G47) -> 0
A49: D | B49: Jumlah Harga Tenaga Kerja, Bahan dan Peralatan (A+B+C) | G49: =SUM(G31:G48)/2 -> 172911
A50: E | B50: Biaya Umum dan Keuntungan (10% - 15%) x D | F50: 0.1 | G50: =G49*F50 -> 17291.1
A51: F | B51: Harga Satuan Pekerjaan (D+E) | G51: =G49+G50 -> 190202.1
A53: 4.1.2.1.3 Penanaman 1 Buah Pohon Kecil Bungur Sakura/Bungur Jepang
A54: (Lagerstroemia Indica) Diameter 1-2 cm, Tinggi 2-2,5 meter, Polybag 20 L
A55: No | B55: Uraian | C55: Kode | D55: Satuan | E55: Koefisien | F55: Harga Satuan (Rp.) | G55: Jumlah Harga (Rp.)
A56: A | B56: TENAGA KERJA
A57: 1 | B57: Tukang Tanam | C57: L.02 | D57: OH | E57: 0,0143 | F57: =VLOOKUP(B57,'HSD UPAH,BAHAN,ALAT'!$C$6:F357,4,FALSE) -> 100000 | G57: =E57*F57 -> 1430
A58: 2 | B58: Kepala Tukang Tanam | C58: L.03 | D58: OH | E58: 0,0048 | F58: =VLOOKUP(B58,'HSD UPAH,BAHAN,ALAT'!$C$6:F358,4,FALSE) -> 120000 | G58: =E58*F58 -> 576
A59: 3 | B59: Mandor | C59: L.04 | D59: OH | E59: 0,0016 | F59: =VLOOKUP(B59,'HSD UPAH,BAHAN,ALAT'!$C$6:F359,4,FALSE) -> 100000 | G59: =E59*F59 -> 160
A60: Jumlah Harga Tenaga Kerja | G60: =SUM(G56:G59) -> 2166
A61: B | B61: BAHAN
A62: 1 | B62: Pohon Bungur Sakura/Bungur Jepang di Polybag 20 Liter | D62: buah | E62: 1,05 | F62: =VLOOKUP(B62,'HSD UPAH,BAHAN,ALAT'!$C$6:F362,4,FALSE) -> 10000 | G62: =E62*F62 -> 10500
A63: 2 | B63: Anti Rayap pada Tanah | D63: kg | E63: 0,005 | F63: =VLOOKUP(B63,'HSD UPAH,BAHAN,ALAT'!$C$6:F363,4,FALSE) -> 10000 | G63: =E63*F63 -> 50
A64: 3 | B64: Steger | G64: =E64*F64 -> 0
A65: a | B65: bambu* dia. 3-5 cm | D65: m' | E65: 6,00 | F65: =VLOOKUP(B65,'HSD UPAH,BAHAN,ALAT'!$C$6:F365,4,FALSE) -> 10000 | G65: =E65*F65 -> 60000
A66: b | B66: tali ijuk/pengikat sejenisnya | D66: m' | E66: 10,00 | F66: =VLOOKUP(B66,'HSD UPAH,BAHAN,ALAT'!$C$6:F366,4,FALSE) -> 10000 | G66: =E66*F66 -> 100000
A67: 4 | B67: Media Tanam | G67: =E67*F67 -> 0
A68: a | B68: tanah subur : 75 % | D68: m3 | E68: 0,0146 | F68: =VLOOKUP(B68,'HSD UPAH,BAHAN,ALAT'!$C$6:F368,4,FALSE) -> 10000 | G68: =E68*F68 -> 146
A69: b | B69: pupuk organik : 20 % | D69: m3 | E69: 0,0039 | F69: =VLOOKUP(B69,'HSD UPAH,BAHAN,ALAT'!$C$6:F369,4,FALSE) -> 10000 | G69: =E69*F69 -> 39
A70: c | B70: pasir pasang : 5 % | D70: m3 | E70: 0,0010 | F70: =VLOOKUP(B70,'HSD UPAH,BAHAN,ALAT'!$C$6:F370,4,FALSE) -> 10000 | G70: =E70*F70 -> 10
A71: Jumlah Harga Bahan | G71: =SUM(G62:G70) -> 170745
A72: C | B72: PERALATAN
A73: Jumlah Harga Alat | G73: =SUM(G72) -> 0
A74: D | B74: Jumlah Harga Tenaga Kerja, Bahan dan Peralatan (A+B+C) | G74: =SUM(G56:G73)/2 -> 172911
A75: E | B75: Biaya Umum dan Keuntungan (10% - 15%) x D | F75: 0.1 | G75: =G74*F75 -> 17291.1
A76: F | B76: Harga Satuan Pekerjaan (D+E) | G76: =G74+G75 -> 190202.1
A78: 4.1.2.1.4 Penanaman 1 Buah Pohon Kecil Cassia Glauca/Hujan Emas
A79: (Senna Surattensis) Diameter 1-2 cm, Tinggi 2-2,5 meter, Polybag 20 L
A80: No | B80: Uraian | C80: Kode | D80: Satuan | E80: Koefisien | F80: Harga Satuan (Rp.) | G80: Jumlah Harga (Rp.)
A81: A | B81: TENAGA KERJA
A82: 1 | B82: Tukang Tanam | C82: L.02 | D82: OH | E82: 0,0143 | F82: =VLOOKUP(B82,'HSD UPAH,BAHAN,ALAT'!$C$6:F379,4,FALSE) -> 100000 | G82: =E82*F82 -> 1430
A83: 2 | B83: Kepala Tukang Tanam | C83: L.03 | D83: OH | E83: 0,0048 | F83: =VLOOKUP(B83,'HSD UPAH,BAHAN,ALAT'!$C$6:F380,4,FALSE) -> 120000 | G83: =E83*F83 -> 576
A84: 3 | B84: Mandor | C84: L.04 | D84: OH | E84: 0,0016 | F84: =VLOOKUP(B84,'HSD UPAH,BAHAN,ALAT'!$C$6:F381,4,FALSE) -> 100000 | G84: =E84*F84 -> 160
A85: Jumlah Harga Tenaga Kerja | G85: =SUM(G81:G84) -> 2166
A86: B | B86: BAHAN
A87: 1 | B87: Pohon Cassia glauca/Hujan Emas di Polybag 20 Liter | D87: buah | E87: 1,05 | F87: =VLOOKUP(B87,'HSD UPAH,BAHAN,ALAT'!$C$6:F384,4,FALSE) -> 10000 | G87: =E87*F87 -> 10500
A88: 2 | B88: Anti Rayap pada Tanah | D88: kg | E88: 0,005 | F88: =VLOOKUP(B88,'HSD UPAH,BAHAN,ALAT'!$C$6:F385,4,FALSE) -> 10000 | G88: =E88*F88 -> 50
A89: 3 | B89: Steger | G89: =E89*F89 -> 0
A90: a | B90: bambu* dia. 3-5 cm | D90: m' | E90: 6,00 | F90: =VLOOKUP(B90,'HSD UPAH,BAHAN,ALAT'!$C$6:F387,4,FALSE) -> 10000 | G90: =E90*F90 -> 60000
A91: b | B91: tali ijuk/pengikat sejenisnya | D91: m' | E91: 10,00 | F91: =VLOOKUP(B91,'HSD UPAH,BAHAN,ALAT'!$C$6:F388,4,FALSE) -> 10000 | G91: =E91*F91 -> 100000
A92: 4 | B92: Media Tanam | G92: =E92*F92 -> 0
A93: a | B93: tanah subur : 75 % | D93: m3 | E93: 0,0146 | F93: =VLOOKUP(B93,'HSD UPAH,BAHAN,ALAT'!$C$6:F390,4,FALSE) -> 10000 | G93: =E93*F93 -> 146
A94: b | B94: pupuk organik : 20 % | D94: m3 | E94: 0,0039 | F94: =VLOOKUP(B94,'HSD UPAH,BAHAN,ALAT'!$C$6:F391,4,FALSE) -> 10000 | G94: =E94*F94 -> 39
A95: c | B95: pasir pasang : 5 % | D95: m3 | E95: 0,0010 | F95: =VLOOKUP(B95,'HSD UPAH,BAHAN,ALAT'!$C$6:F392,4,FALSE) -> 10000 | G95: =E95*F95 -> 10
A96: Jumlah Harga Bahan | G96: =SUM(G87:G95) -> 170745
A97: C | B97: PERALATAN
A98: Jumlah Harga Alat | G98: =SUM(G97) -> 0
A99: D | B99: Jumlah Harga Tenaga Kerja, Bahan dan Peralatan (A+B+C) | G99: =SUM(G81:G98)/2 -> 172911
A100: E | B100: Biaya Umum dan Keuntungan (10% - 15%) x D | F100: 0.1 | G100: =G99*F100 -> 17291.1
A101: F | B101: Harga Satuan Pekerjaan (D+E) | G101: =G99+G100 -> 190202.1
A103: 4.1.2.1.5 Penanaman 1 Buah Pohon Kecil Dracaena ‘Song of India’
A104: (Dracaena Reflexa "Song of India") Diameter 1-2 cm, Tinggi 2-2,5 meter, Polybag 20 L
...

Sheet ANGKUTAN
A1: 4.1.1.3 Pengadaan dan Pengangkutan Pohon Kecil di Polybag 20 Liter
A2: No | B2: Uraian | C2: Kode | D2: Satuan | E2: Koefisien | F2: Harga Satuan (Rp.) | G2: Jumlah Harga (Rp.)
A3: A | B3: TENAGA KERJA
A4: 1 | B4: Pekerja | C4: L.01 | D4: OJ | E4: 0,0256 | F4: =VLOOKUP(B4,'HSD UPAH,BAHAN,ALAT'!$C$6:F482,4,FALSE) -> 100000 | G4: =E4*F4 -> 2560
A5: 2 | B5: Mandor | C5: L.04 | D5: OJ | E5: 0,0026 | F5: =VLOOKUP(B5,'HSD UPAH,BAHAN,ALAT'!$C$6:F483,4,FALSE) -> 100000 | G5: =E5*F5 -> 260
A6: Jumlah Harga Tenaga Kerja | G6: =SUM(G4:G5) -> 2820
A7: B | B7: BAHAN
A8: 1 | B8: Pohon Pucuk Merah di Polybag 20 Liter | D8: pohon | E8: 1,00 | F8: =VLOOKUP(B8,'HSD UPAH,BAHAN,ALAT'!$C$6:F486,4,FALSE) -> 10000 | G8: =E8*F8 -> 10000
A9: Jumlah Harga Bahan | G9: =SUM(G8) -> 10000
A10: C | B10: PERALATAN
A11: 1 | B11: Colt T-120 (D); R-Blk. 4; 12 m3 | D11: Jam | E11: 0,0253 | F11: =VLOOKUP(B11,'HSD UPAH,BAHAN,ALAT'!$C$6:F489,4,FALSE) -> 25000 | G11: =E11*F11 -> 632.5
A12: Jumlah Harga Alat | G12: =SUM(G11) -> 632.5
A13: D | B13: Jumlah Harga Tenaga Kerja, Bahan dan Peralatan (A+B+C) | G13: =SUM(G4:G12)/2 -> 13452.5
A14: E | B14: Biaya Umum dan Keuntungan (10% - 15%) x D | F14: 0.1 | G14: =G13*F14 -> 1345.25
A15: F | B15: Harga Satuan Pekerjaan (D+E) | G15: =G13+G14 -> 14797.75
A17: 4.1.1.5 Pengadaan dan Pengangkutan Pohon Kecil di Polybag 25 Liter
A18: No | B18: Uraian | C18: Kode | D18: Satuan | E18: Koefisien | F18: Harga Satuan (Rp.) | G18: Jumlah Harga (Rp.)
A19: A | B19: TENAGA KERJA
A20: 1 | B20: Pekerja | C20: L.01 | D20: OJ | E20: 0,0299 | F20: =VLOOKUP(B20,'HSD UPAH,BAHAN,ALAT'!$C$6:F498,4,FALSE) -> 100000 | G20: =E20*F20 -> 2990
A21: 2 | B21: Mandor | C21: L.04 | D21: OJ | E21: 0,0030 | F21: =VLOOKUP(B21,'HSD UPAH,BAHAN,ALAT'!$C$6:F499,4,FALSE) -> 100000 | G21: =E21*F21 -> 300
A22: Jumlah Harga Tenaga Kerja | G22: =SUM(G20:G21) -> 3290
A23: B | B23: BAHAN
A24: 1 | B24: Pohon Pucuk Merah di Polybag 25 Liter | D24: pohon | E24: 1,00 | F24: =VLOOKUP(B24,'HSD UPAH,BAHAN,ALAT'!$C$6:F502,4,FALSE) -> 10000 | G24: =E24*F24 -> 10000
A25: Jumlah Harga Bahan | G25: =SUM(G24) -> 10000
A26: C | B26: PERALATAN
A27: 1 | B27: Colt T-120 (D); R-Blk. 4; 12 m3 | D27: Jam | E27: 0,0355 | F27: =VLOOKUP(B27,'HSD UPAH,BAHAN,ALAT'!$C$6:F505,4,FALSE) -> 25000 | G27: =E27*F27 -> 887.5
A28: Jumlah Harga Alat | G28: =SUM(G27) -> 887.5
A29: D | B29: Jumlah Harga Tenaga Kerja, Bahan dan Peralatan (A+B+C) | G29: =SUM(G19:G28)/2 -> 14177.5
A30: E | B30: Biaya Umum dan Keuntungan (10% - 15%) x D | F30: 0.1 | G30: =G29*F30 -> 1417.75
A31: F | B31: Harga Satuan Pekerjaan (D+E) | G31: =G29+G30 -> 15595.25
A33: 4.1.1.7 Pengadaan dan Pengangkutan Pohon Sedang di Polybag 50 Liter
A34: No | B34: Uraian | C34: Kode | D34: Satuan | E34: Koefisien | F34: Harga Satuan (Rp.) | G34: Jumlah Harga (Rp.)
A35: A | B35: TENAGA KERJA
A36: 1 | B36: Pekerja | C36: L.01 | D36: OJ | E36: 0,0563 | F36: =VLOOKUP(B36,'HSD UPAH,BAHAN,ALAT'!$C$6:F514,4,FALSE) -> 100000 | G36: =E36*F36 -> 5630
A37: 2 | B37: Mandor | C37: L.04 | D37: OJ | E37: 0,0056 | F37: =VLOOKUP(B37,'HSD UPAH,BAHAN,ALAT'!$C$6:F515,4,FALSE) -> 100000 | G37: =E37*F37 -> 560
A38: Jumlah Harga Tenaga Kerja | G38: =SUM(G36:G37) -> 6190
A39: B | B39: BAHAN
A40: 1 | B40: Pohon Bunga Kupu-kupu di Polybag 50 Liter | D40: pohon | E40: 1,00 | F40: =VLOOKUP(B40,'HSD UPAH,BAHAN,ALAT'!$C$6:F518,4,FALSE) -> 10000 | G40: =E40*F40 -> 10000
A41: Jumlah Harga Bahan | G41: =SUM(G40) -> 10000
A42: C | B42: PERALATAN
A43: 1 | B43: Fuso (D); R-Blk. 8; 35 m3 | D43: Jam | E43: 0,0268 | F43: =VLOOKUP(B43,'HSD UPAH,BAHAN,ALAT'!$C$6:F521,4,FALSE) -> 25000 | G43: =E43*F43 -> 670
A44: Jumlah Harga Alat | G44: =SUM(G43) -> 670
A45: D | B45: Jumlah Harga Tenaga Kerja, Bahan dan Peralatan (A+B+C) | G45: =SUM(G35:G44)/2 -> 16860
A46: E | B46: Biaya Umum dan Keuntungan (10% - 15%) x D | F46: 0.1 | G46: =G45*F46 -> 1686
A47: F | B47: Harga Satuan Pekerjaan (D+E) | G47: =G45+G46 -> 18546
A49: 4.1.1.9 Pengadaan dan Pengangkutan Pohon Sedang di Polybag 75 Liter
A50: No | B50: Uraian | C50: Kode | D50: Satuan | E50: Koefisien | F50: Harga Satuan (Rp.) | G50: Jumlah Harga (Rp.)
A51: A | B51: TENAGA KERJA
A52: 1 | B52: Pekerja | C52: L.01 | D52: OJ | E52: 0,1118 | F52: =VLOOKUP(B52,'HSD UPAH,BAHAN,ALAT'!$C$6:F530,4,FALSE) -> 100000 | G52: =E52*F52 -> 11180
A53: 2 | B53: Mandor | C53: L.04 | D53: OJ | E53: 0,0112 | F53: =VLOOKUP(B53,'HSD UPAH,BAHAN,ALAT'!$C$6:F531,4,FALSE) -> 100000 | G53: =E53*F53 -> 1120
A54: Jumlah Harga Tenaga Kerja | G54: =SUM(G52:G53) -> 12300
A55: B | B55: BAHAN
A56: 1 | B56: Pohon Bunga Kupu-kupu di Polybag 75 Liter | D56: pohon | E56: 1,00 | F56: =VLOOKUP(B56,'HSD UPAH,BAHAN,ALAT'!$C$6:F534,4,FALSE) -> 10000 | G56: =E56*F56 -> 10000
A57: Jumlah Harga Bahan | G57: =SUM(G56) -> 10000
A58: C | B58: PERALATAN
A59: 1 | B59: Fuso (D); R-Blk. 8; 35 m3 | D59: Jam | E59: 0,033 | F59: =VLOOKUP(B59,'HSD UPAH,BAHAN,ALAT'!$C$6:F537,4,FALSE) -> 25000 | G59: =E59*F59 -> 825
A60: Jumlah Harga Alat | G60: =SUM(G59) -> 825
A61: D | B61: Jumlah Harga Tenaga Kerja, Bahan dan Peralatan (A+B+C) | G61: =SUM(G51:G60)/2 -> 23125
A62: E | B62: Biaya Umum dan Keuntungan (10% - 15%) x D | F62: 0.1 | G62: =G61*F62 -> 2312.5
A63: F | B63: Harga Satuan Pekerjaan (D+E) | G63: =G61+G62 -> 25437.5
A65: 4.1.1.11 Pengadaan dan Pengangkutan Pohon Besar di Polybag 100 Liter
A66: No | B66: Uraian | C66: Kode | D66: Satuan | E66: Koefisien | F66: Harga Satuan (Rp.) | G66: Jumlah Harga (Rp.)
A67: A | B67: TENAGA KERJA
A68: 1 | B68: Pekerja | C68: L.01 | D68: OJ | E68: 0,5269 | F68: =VLOOKUP(B68,'HSD UPAH,BAHAN,ALAT'!$C$6:F546,4,FALSE) -> 100000 | G68: =E68*F68 -> 52690
A69: 2 | B69: Mandor | C69: L.04 | D69: OJ | E69: 0,0527 | F69: =VLOOKUP(B69,'HSD UPAH,BAHAN,ALAT'!$C$6:F547,4,FALSE) -> 100000 | G69: =E69*F69 -> 5270
A70: Jumlah Harga Tenaga Kerja | G70: =SUM(G68:G69) -> 57960
A71: B | B71: BAHAN
A72: 1 | B72: Pohon Mahoni di Polybag 100 Liter | D72: pohon | E72: 1,00 | F72: =VLOOKUP(B72,'HSD UPAH,BAHAN,ALAT'!$C$6:F550,4,FALSE) -> 10000 | G72: =E72*F72 -> 10000
A73: Jumlah Harga Bahan | G73: =SUM(G72) -> 10000
A74: C | B74: PERALATAN
A75: 1 | B75: Fuso (D); R-Blk. 8; 35 m3 | D75: Jam | E75: 0,1819 | F75: =VLOOKUP(B75,'HSD UPAH,BAHAN,ALAT'!$C$6:F553,4,FALSE) -> 25000 | G75: =E75*F75 -> 4547.5
A76: 2 | B76: Crane Truk 3 ton; Winch 5 Ton | D76: Jam | E76: 0,1318 | F76: =VLOOKUP(B76,'HSD UPAH,BAHAN,ALAT'!$C$6:F554,4,FALSE) -> 25000 | G76: =E76*F76 -> 3295
A77: Jumlah Harga Alat | G77: =SUM(G75:G76) -> 7842.5
A78: D | B78: Jumlah Harga Tenaga Kerja, Bahan dan Peralatan (A+B+C) | G78: =SUM(G68:G77)/2 -> 75802.5
A79: E | B79: Biaya Umum dan Keuntungan (10% - 15%) x D | F79: 0.1 | G79: =G78*F79 -> 7580.25
A80: F | B80: Harga Satuan Pekerjaan (D+E) | G80: =G78+G79 -> 83382.75
A82: 4.1.1.13 Pengadaan dan Pengangkutan Pohon Besar di Polybag 150 Liter
A83: No | B83: Uraian | C83: Kode | D83: Satuan | E83: Koefisien | F83: Harga Satuan (Rp.) | G83: Jumlah Harga (Rp.)
A84: A | B84: TENAGA KERJA
A85: 1 | B85: Pekerja | C85: L.01 | D85: OJ | E85: 0,5434 | F85: =VLOOKUP(B85,'HSD UPAH,BAHAN,ALAT'!$C$6:F103,4,FALSE) -> 100000 | G85: =E85*F85 -> 54340
A86: 2 | B86: Mandor | C86: L.04 | D86: OJ | E86: 0,0543 | F86: =VLOOKUP(B86,'HSD UPAH,BAHAN,ALAT'!$C$6:F104,4,FALSE) -> 100000 | G86: =E86*F86 -> 5430
A87: Jumlah Harga Tenaga Kerja | G87: =SUM(G85:G86) -> 59770
A88: B | B88: BAHAN
A89: 1 | B89: Pohon Mahoni di Polybag 150 Liter | D89: pohon | E89: 1,00 | F89: =VLOOKUP(B89,'HSD UPAH,BAHAN,ALAT'!$C$6:F567,4,FALSE) -> 10000 | G89: =E89*F89 -> 10000
A90: Jumlah Harga Bahan | G90: =SUM(G89) -> 10000
A91: C | B91: PERALATAN
A92: 1 | B92: Fuso (D); R-Blk. 8; 35 m3 | D92: Jam | E92: 0,196 | F92: =VLOOKUP(B92,'HSD UPAH,BAHAN,ALAT'!$C$6:F570,4,FALSE) -> 25000 | G92: =E92*F92 -> 4900
A93: 2 | B93: Crane Truk 3 ton; Winch 5 Ton | D93: Jam | E93: 0,136 | F93: =VLOOKUP(B93,'HSD UPAH,BAHAN,ALAT'!$C$6:F571,4,FALSE) -> 25000 | G93: =E93*F93 -> 3400
A94: Jumlah Harga Alat | G94: =SUM(G92:G93) -> 8300
A95: D | B95: Jumlah Harga Tenaga Kerja, Bahan dan Peralatan (A+B+C) | G95: =SUM(G85:G94)/2 -> 78070
A96: E | B96: Biaya Umum dan Keuntungan (10% - 15%) x D | F96: 0.1 | G96: =G95*F96 -> 7807
A97: F | B97: Harga Satuan Pekerjaan (D+E) | G97: =G95+G96 -> 85877
A99: 4.1.1.15 Pengadaan dan Pengangkutan Pohon Besar di Polybag 200 Liter
A100: No | B100: Uraian | C100: Kode | D100: Satuan | E100: Koefisien | F100: Harga Satuan (Rp.) | G100: Jumlah Harga (Rp.)
A101: A | B101: TENAGA KERJA
A102: 1 | B102: Pekerja | C102: L.01 | D102: OJ | E102: 0,7443 | F102: =VLOOKUP(B102,'HSD UPAH,BAHAN,ALAT'!$C$6:F119,4,FALSE) -> 100000 | G102: =E102*F102 -> 74430
A103: 2 | B103: Mandor | C103: L.04 | D103: OJ | E103: 0,0744 | F103: =VLOOKUP(B103,'HSD UPAH,BAHAN,ALAT'!$C$6:F120,4,FALSE) -> 100000 | G103: =E103*F103 -> 7440
A104: Jumlah Harga Tenaga Kerja | G104: =SUM(G102:G103) -> 81870
A105: B | B105: BAHAN
A106: 1 | B106: Pohon Beringin di Polybag 200 Liter | D106: pohon | E106: 1,00 | F106: =VLOOKUP(B106,'HSD UPAH,BAHAN,ALAT'!$C$6:F584,4,FALSE) -> 10000 | G106: =E106*F106 -> 10000
...

Sheet HSD UPAH,BAHAN,ALAT
B1: HARGA SATUAN DASAR LANSEKAP
B2: UPAH TENAGA KERJA, BAHAN DAN PERALATAN
B4: NO. | C4: URAIAN | D4: KODE | E4: SATUAN | F4: HARGA | G4: KET.
B5: A. | C5: UPAH TENAGA KERJA
B6: 1 | C6: Kepala Tukang | E6: OH | F6: 120000
B7: 2 | C7: Tukang | E7: OH | F7: 100000
B8: 3 | C8: Tukang cat/ pelitur | E8: OH | F8: =+$F$7 -> 100000
B9: 4 | C9: Tukang Pemelihara Taman | E9: OH | F9: =+$F$7 -> 100000
B10: 5 | C10: Tukang Pemelihara Tanam | E10: OH | F10: =+$F$7 -> 100000
B11: 6 | C11: Tukang Tanam | E11: OH | F11: =+$F$7 -> 100000
B12: 7 | C12: Tukang Besi/ Besi Beton | E12: OH | F12: 100000
B13: 8 | C13: Tukang Cat | E13: OH | F13: =+$F$7 -> 100000
B14: 9 | C14: Tukang Cat/Pelitur | E14: OH | F14: =+$F$7 -> 100000
B15: 10 | C15: Tukang Ereksi | E15: OH | F15: =+$F$7 -> 100000
B16: 11 | C16: Tukang Kayu | E16: OH | F16: =+$F$7 -> 100000
B17: 12 | C17: Tukang Las | E17: OH | F17: =+$F$7 -> 100000
B18: 13 | C18: Tukang Las Konstruksi | E18: OH | F18: =+$F$7 -> 100000
B19: 14 | C19: Tukang Pipa | E19: OH | F19: =+$F$7 -> 100000
B20: 15 | C20: Tukang Listrik | E20: OH | F20: =+$F$7 -> 100000
B21: 16 | C21: Tukang Kaca | E21: OH | F21: =+$F$7 -> 100000
B22: 17 | C22: Tukang vibrator | E22: OH | F22: =+$F$7 -> 100000
B23: 18 | C23: Tukang penganyam bronjong | E23: OH | F23: 100000
B24: 19 | C24: Pekerja | E24: OH | F24: 100000
B25: 20 | C25: Mandor | E25: OH | F25: 100000
B26: 21 | C26: Kepala Tukang Tanam | E26: OH | F26: 120000
B28: B. | C28: BAHAN
B30: 1 | C30: Air | E30: liter | F30: 10000
B31: 2 | C31: Air bersih | E31: liter | F31: 10000
B32: 3 | C32: Anti Rayap pada Tanah | E32: kg | F32: 10000
B33: 4 | C33: bambu* dia. 10-12 cm | E33: m' | F33: 10000
B34: 5 | C34: bambu* dia. 3-5 cm | E34: m' | F34: 10000
B35: 6 | C35: bambu* dia. 5-8 cm | E35: m' | F35: 10000
B36: 7 | C36: bambu* dia. 8-10 cm | E36: m' | F36: 10000
B37: 8 | C37: Besi hollow 30x60 | E37: m | F37: 10000
B38: 9 | C38: Bibit Vegetasi (Biji Legume Crop Cover/LCC) | E38: kg | F38: 10000
B39: 10 | C39: Bibit Vegetasi (Biji Rumput) | E39: kg | F39: 10000
B40: 11 | C40: Cat Minyak | E40: liter | F40: 10000
B41: 12 | C41: Fungisida/insektisida | E41: kg | F41: 10000
... B287: 258 | C287: Palem Rumpun (Palem Waregu) di Polybag 11 Liter | E287: Polybag | F287: 10000
B288: 259 | F288: 10000
B289: 260 | C289: Palem Rumpun (Palem Kuning) di Polybag 20 Liter | E289: Polybag | F289: 10000
B290: 261 | C290: Palem Rumpun (Palem Jepang) di Polybag 50 Liter | E290: pohon | F290: 10000
B291: 262 | C291: Palem Tunggal (Palem Kol) di Polybag 11 Liter | E291: Polybag | F291: 10000
B292: 263 | C292: Palem Tunggal (Palem Kol) di Polybag 20 Liter | E292: Polybag | F292: 10000
B293: 264 | C293: Palem Tunggal (Sikas Halus) di Polybag 25 Liter | E293: pohon | F293: 10000
B294: 265 | C294: Palem Tunggal (Palem Phoenix) di Polybag 50 Liter | E294: pohon | F294: 10000
B295: 266 | C295: Palem Tunggal (Palem sadeng) di Polybag 100 Liter | E295: pohon | F295: 10000
B296: 267 | C296: Palem Tunggal (Palem sadeng) di Polybag 150 Liter | E296: pohon | F296: 10000
B297: 268 | C297: Semak Alamanda/Bunga Terompet Emas di Polybag 5 Liter | E297: Polybag | F297: 10000
B298: 269 | C298: Semak Alamanda/Bunga Terompet Emas di Polybag 11 Liter | E298: Polybag | F298: 10000
B299: 270 | C299: Semak Alamanda/Bunga Terompet Emas di Polybag 20 Liter | E299: Polybag | F299: 10000
B300: 271 | C300: Penutup tanah Kacang Hias | E300: m2 | F300: 10000
B301: 272 | C301: Rumput gajah mini | E301: m2 | F301: 10000
B303: C. | C303: PERALATAN
B305: 1 | C305: Colt T-120 (D); R-Blk. 4; 12 m3 | E305: Jam | F305: 25000
B306: 2 | C306: Crane Truk 3 ton; Winch 5 Ton | E306: Jam | F306: 25000
B307: 3 | C307: Fuso (D); R-Blk. 8; 35 m3 | E307: Jam | F307: 25000
B308: 4 | C308: Mesin Gendong | E308: jam | F308: 10000
B309: 5 | C309: Mesin Molen 1m3 | E309: hari | F309: 10000
B310: 6 | C310: Pick up L300 | E310: Jam | F310: 25000
B311: 7 | C311: Sewa crane kapasitas 1 ton | E311: jam | F311: 10000
B312: 8 | C312: Sewa Mesin Hydroseeding 2000L | E312: hari | F312: 10000
B313: 9 | C313: Sewa Water Truck | E313: hari | F313: 10000
B314: 10 | C314: Sprayer Gendong | E314: hari | F314: 10000
C319: INFORMASI :
C320: 1. YANG DIBLOCK KUNING ADALAH HARGA SATUAN YANG BISA DIUBAH SESUAI HARGA BAHAN SETEMPAT
C321: 2. CUKUP MERUBAH HARGA MAKA AHS&HSP AKAN BERUBAH MENYESUAIKAN
C322: 3. HARGA BAHAN DEFAULT ADALAH Rp. 10.000 YANG BISA DIRUBAH, SESUAI HARGA SETEMPAT
C323: 4. UNTUK MENDAPATKAN HARGA BAHAN BISA MENGGUNAKAN FORMULA
C324: HARGA BAHAN SETEMPAT+PENGIRIMAN+PPN11%+(10%KENAIKAN HARGA)
