Workbook
Name \0: #REF!
Name \A: #REF!
Name \B: [1]A!#REF!
Name \C: #REF!
Name \D: [1]A!#REF!
Name \E: [1]A!#REF!
Name \F: #REF!
Name \G: [1]A!#REF!
Name \H: #REF!
Name \H1: #REF!
Name \H2: #REF!
Name \H4: #REF!
Name \H5: #REF!
Name \H6: #REF!
Name \H7: #REF!
Name \J: #REF!
Name \K: #REF!
Name \L: [1]A!#REF!
Name \M: [1]A!#REF!
Name \N: #REF!
Name \O: #REF!
Name \P: #REF!
Name \R: [1]A!#REF!
Name \S: #REF!
Name \T: [1]A!#REF!
Name \U: [1]A!#REF!
Name \V: [1]A!#REF!
Name \W: #REF!
Name \X: [1]A!#REF!
Name \Y: #REF!
Name \Z: [1]A!#REF!
Name _: #REF!
Name __?___RIGHT__?_: #REF!
Name ___: [2]ANALIS!#REF!
Name ____________________________DIV11: #REF!
Name ___________________________MMM19: '[3]4-Basic Price'!$F$71
Name __________________________DIV11: #REF!
Name __________________________EEE02: #REF!
Name __________________________EEE05: #REF!
Name __________________________EEE06: #REF!
Name __________________________EEE07: #REF!
Name __________________________EEE08: #REF!
Name __________________________EEE09: #REF!
Name __________________________EEE10: #REF!
Name __________________________EEE11: #REF!
Name __________________________EEE13: #REF!
Name __________________________EEE15: #REF!
Name __________________________EEE16: #REF!
Name __________________________EEE17: #REF!
Name __________________________EEE22: #REF!
Name __________________________EEE23: #REF!
Name __________________________EEE27: #REF!
Name __________________________EEE29: #REF!
Name __________________________HAL2: #REF!
Name __________________________HAL5: #REF!
Name __________________________HAL6: #REF!
Name __________________________HAL7: #REF!
Name __________________________HAL8: #REF!
Name __________________________MMM19: '[4]4-Basic Price'!$F$69
Name __________________________MMM38: '[4]4-Basic Price'!#REF!

Sheet INFORMASI
A1: AHS PEKERJAAN ME & PLUMBING
A2: DIBUAT BERDASARKAN SURAT EDARAN BINA KONSTRUKSI NO. 182 TAHUN 2025
A5: ANALISA HARGA SATUAN INI
A6: TERDIRI DARI HSP (HARGA SATUAN PEKERJAAN), AHS (ANALISA HARGA SATUAN), HSD (HARGA SATUAN DASAR) UPAH BAHAN ALAT
A8: Untuk pembuatan RAB harap diperhatikan penjumlahan dalam analisa karena bisa berubah setiap program excel sehingga mengakibatkan ketidak validan perhitungan
B11: BACA DULU :
B12: 1. Program ini terdiri dari HSP (Harga Satuan Pekerjaan), AHS (Analisa harga satuan), HSD (Harga Satuan Dasar) Upah dan Bahan
B13: 2. Cukup merubah harga HSD maka AHS dan HSP akan langsung berubah menyesuaikan
B14: 3. AHS ini dibuat berdasarkan SE Bina Konstruksi No. 182 tahun 2025, sebagai update dari SE BK No. 30 Tahun 2025
B15: 4. Untuk membuat RAB, cukup cari pekerjaan yang sesuai di HSP, lalu dari HSP cek AHS, dari AHS kemudian rubah harga bahan di HSD, otomatis AHS dan HSP akan berubah menyesuaikan, harga pada HSP bisa digunakan untuk RAB
B16: 5. Harga default untuk Bahan dan alat adalah Rp.10.000 yang bisa diubah sesuai harga setempat

Sheet HSP ME
A1: 6 PEKERJAAN ME
A2: HARGA SATUAN PEKERJAAN
A4: No. Mata Pembayaran | B4: Uraian | C4: Satuan | D4: Harga Satuan (Rp)
A5: 5.1 | B5: PEKERJAAN SISTEM DISTRIBUSI JARINGAN LISTRIK
A6: 5.1.1 | B6: Pemasangan kabel arus kuat (kabel, kabel tray/ladder)
A7: 5.1.1.1 | B7: Kabel NYY
A8: 5.1.1.1.1 | B8: Pemasangan 1 m’ Kabel NYY 1 x 4 mm² | C8: m' | D8: ='5. AHS ME'!G20 -> 22770
A9: 5.1.1.1.2 | B9: Pemasangan 1 m’ Kabel NYY 1 x 6 mm² | C9: m' | D9: ='5. AHS ME'!G37 -> 22770
A10: 5.1.1.1.3 | B10: Pemasangan 1 m’ Kabel NYY 1 x 10 mm² | C10: m' | D10: ='5. AHS ME'!G54 -> 22770
A11: 5.1.1.1.4 | B11: Pemasangan 1 m’ Kabel NYY 1 x 16 mm² | C11: m' | D11: ='5. AHS ME'!G71 -> 22770
A12: 5.1.1.1.5 | B12: Pemasangan 1 m’ Kabel NYY 1 x 25 mm² | C12: m' | D12: ='5. AHS ME'!G88 -> 25025
A13: 5.1.1.1.6 | B13: Pemasangan 1 m’ Kabel NYY 1 x 35 mm² | C13: m' | D13: ='5. AHS ME'!G105 -> 27940
A14: 5.1.1.1.7 | B14: Pemasangan 1 m’ Kabel NYY 1 x 50 mm² | C14: m' | D14: ='5. AHS ME'!G122 -> 27940
A15: 5.1.1.1.8 | B15: Pemasangan 1 m’ Kabel NYY 1 x 70 mm² | C15: m' | D15: ='5. AHS ME'!G139 -> 37895
A16: 5.1.1.1.9 | B16: Pemasangan 1 m’ Kabel NYY 1 x 95 mm² | C16: m' | D16: ='5. AHS ME'!G156 -> 37895
A17: 5.1.1.1.10 | B17: Pemasangan 1 m’ Kabel NYY 1 x 120 mm² | C17: m' | D17: ='5. AHS ME'!G173 -> 37895
A18: 5.1.1.1.11 | B18: Pemasangan 1 m’ Kabel NYY 1 x 150 mm² | C18: m' | D18: ='5. AHS ME'!G190 -> 37895
A19: 5.1.1.1.12 | B19: Pemasangan 1 m’ Kabel NYY 1 x 185 mm² | C19: m' | D19: ='5. AHS ME'!G207 -> 42955
A20: 5.1.1.1.13 | B20: Pemasangan 1 m’ Kabel NYY 1 x 240 mm² | C20: m' | D20: ='5. AHS ME'!G224 -> 42955
A21: 5.1.1.1.14 | B21: Pemasangan 1 m’ Kabel NYY 1 x 300 mm² | C21: m' | D21: ='5. AHS ME'!G241 -> 48125
A22: 5.1.1.1.15 | B22: Pemasangan 1 m’ Kabel NYY 1 x 400 mm² | C22: m' | D22: ='5. AHS ME'!G258 -> 53075
A23: 5.1.1.1.16 | B23: Pemasangan 1 m’ Kabel NYY 1 x 500 mm² | C23: m' | D23: ='5. AHS ME'!G275 -> 63415
A24: 5.1.1.1.17 | B24: Pemasangan 1 m’ Kabel NYY 1 x 630 mm² | C24: m' | D24: ='5. AHS ME'!G292 -> 73535
A25: 5.1.1.1.18 | B25: Pemasangan 1 m’ Kabel NYY 2 x 1,5 mm² | C25: m' | D25: ='5. AHS ME'!G309 -> 22770
A26: 5.1.1.1.19 | B26: Pemasangan 1 m’ Kabel NYY 2 x 2,5 mm² | C26: m' | D26: ='5. AHS ME'!G326 -> 22770
A27: 5.1.1.1.20 | B27: Pemasangan 1 m’ Kabel NYY 2 x 4 mm² | C27: m' | D27: ='5. AHS ME'!G343 -> 22770
A28: 5.1.1.1.21 | B28: Pemasangan 1 m’ Kabel NYY 2 x 6 mm² | C28: m' | D28: ='5. AHS ME'!G360 -> 22770
A29: 5.1.1.1.22 | B29: Pemasangan 1 m’ Kabel NYY 2 x 10 mm² | C29: m' | D29: ='5. AHS ME'!G377 -> 22770
A30: 5.1.1.1.23 | B30: Pemasangan 1 m’ Kabel NYY 2 x 16 mm² | C30: m' | D30: ='5. AHS ME'!G394 -> 22770
A31: 5.1.1.1.24 | B31: Pemasangan 1 m’ Kabel NYY 3 x 1,5 mm² | C31: m' | D31: ='5. AHS ME'!G411 -> 22770
A32: 5.1.1.1.25 | B32: Pemasangan 1 m’ Kabel NYY 3 x 2,5 mm² | C32: m' | D32: ='5. AHS ME'!G428 -> 22770
A33: 5.1.1.1.26 | B33: Pemasangan 1 m’ Kabel NYY 3 x 4 mm² | C33: m' | D33: ='5. AHS ME'!G445 -> 25025
A34: 5.1.1.1.27 | B34: Pemasangan 1 m’ Kabel NYY 3 x 6 mm² | C34: m' | D34: ='5. AHS ME'!G462 -> 25025
A35: 5.1.1.1.28 | B35: Pemasangan 1 m’ Kabel NYY 3 x 10 mm² | C35: m' | D35: ='5. AHS ME'!G479 -> 27940
A36: 5.1.1.1.29 | B36: Pemasangan 1 m’ Kabel NYY 3 x 16 mm² | C36: m' | D36: ='5. AHS ME'!G496 -> 27940
A37: 5.1.1.1.30 | B37: Pemasangan 1 m’ Kabel NYY 3 x 25 mm² | C37: m' | D37: ='5. AHS ME'!G513 -> 27940
A38: 5.1.1.1.31 | B38: Pemasangan 1 m’ Kabel NYY 3 x 35 mm² | C38: m' | D38: ='5. AHS ME'!G530 -> 30855
A39: 5.1.1.1.32 | B39: Pemasangan 1 m’ Kabel NYY 3 x 50 mm² | C39: m' | D39: ='5. AHS ME'!G547 -> 33110
A40: 5.1.1.1.33 | B40: Pemasangan 1 m’ Kabel NYY 4 x 1,5 mm² | C40: m' | D40: ='5. AHS ME'!G564 -> 22770
A41: 5.1.1.1.34 | B41: Pemasangan 1 m’ Kabel NYY 4 x 2,5 mm² | C41: m' | D41: ='5. AHS ME'!G581 -> 22770
A42: 5.1.1.1.35 | B42: Pemasangan 1 m’ Kabel NYY 4 x 4 mm² | C42: m' | D42: ='5. AHS ME'!G598 -> 25025
A43: 5.1.1.1.36 | B43: Pemasangan 1 m’ Kabel NYY 4 x 6 mm² | C43: m' | D43: ='5. AHS ME'!G615 -> 25025
A44: 5.1.1.1.37 | B44: Pemasangan 1 m’ Kabel NYY 4 x 10 mm² | C44: m' | D44: ='5. AHS ME'!G632 -> 27940
A45: 5.1.1.1.38 | B45: Pemasangan 1 m’ Kabel NYY 4 x 16 mm² | C45: m' | D45: ='5. AHS ME'!G649 -> 27940
A46: 5.1.1.1.39 | B46: Pemasangan 1 m’ Kabel NYY 4 x 25 mm² | C46: m' | D46: ='5. AHS ME'!G666 -> 33110
A47: 5.1.1.1.40 | B47: Pemasangan 1 m’ Kabel NYY 4 x 35 mm² | C47: m' | D47: ='5. AHS ME'!G683 -> 37895
A48: 5.1.1.1.41 | B48: Pemasangan 1 m’ Kabel NYY 4 x 50 mm² | C48: m' | D48: ='5. AHS ME'!G700 -> 42955
A49: 5.1.1.1.42 | B49: Pemasangan 1 m’ Kabel NYY 4 x 70 mm² | C49: m' | D49: ='5. AHS ME'!G717 -> 58245
A50: 5.1.1.1.43 | B50: Pemasangan 1 m’ Kabel NYY 4 x 95 mm² | C50: m' | D50: ='5. AHS ME'!G734 -> 73535
A51: 5.1.1.1.44 | B51: Pemasangan 1 m’ Kabel NYY 4 x 120 mm² | C51: m' | D51: ='5. AHS ME'!G751 -> 73535
A52: 5.1.1.1.45 | B52: Pemasangan 1 m’ Kabel NYY 4 x 150 mm² | C52: m' | D52: ='5. AHS ME'!G768 -> 88660
A53: 5.1.1.1.46 | B53: Pemasangan 1 m’ Kabel NYY 4 x 185 mm² | C53: m' | D53: ='5. AHS ME'!G785 -> 88660
A54: 5.1.1.1.47 | B54: Pemasangan 1 m’ Kabel NYY 4 x 240 mm² | C54: m' | D54: ='5. AHS ME'!G802 -> 113960
A55: 5.1.1.1.48 | B55: Pemasangan 1 m’ Kabel NYY 4 x 300 mm² | C55: m' | D55: ='5. AHS ME'!G819 -> 113960
A57: 5.1.1.2 | B57: Kabel NYA
A58: 5.1.1.2.1 | B58: Pemasangan 1 m’ Kabel NYA 1 x 1,5 mm² | C58: m' | D58: ='5. AHS ME'!G837 -> 17820
A59: 5.1.1.2.2 | B59: Pemasangan 1 m’ Kabel NYA 1 x 2,5 mm² | C59: m' | D59: ='5. AHS ME'!G854 -> 17820
A60: 5.1.1.2.3 | B60: Pemasangan 1 m’ Kabel NYA 1 x 4 mm² | C60: m' | D60: ='5. AHS ME'!G871 -> 20735
A61: 5.1.1.2.4 | B61: Pemasangan 1 m’ Kabel NYA 1 x 6 mm² | C61: m' | D61: ='5. AHS ME'!G888 -> 20735
A62: 5.1.1.2.5 | B62: Pemasangan 1 m’ Kabel NYA 1 x 10 mm² | C62: m' | D62: ='5. AHS ME'!G905 -> 22770
A63: 5.1.1.2.6 | B63: Pemasangan 1 m’ Kabel NYA 1 x 16 mm² | C63: m' | D63: ='5. AHS ME'!G922 -> 22770
A64: 5.1.1.2.7 | B64: Pemasangan 1 m’ Kabel NYA 2 x 1,5 mm2 + PVC Conduit HI 20 mm | C64: m' | D64: ='5. AHS ME'!G939 -> 22770
A65: 5.1.1.2.8 | B65: Pemasangan 1 m’ Kabel NYA 3 x 1,5 mm2 + PVC Conduit HI 20 mm | C65: m' | D65: ='5. AHS ME'!G956 -> 22770
A66: 5.1.1.2.9 | B66: Pemasangan 1 m’ Kabel NYA 3 x 2,5 mm2 + PVC Conduit HI 20 mm | C66: m' | D66: ='5. AHS ME'!G973 -> 22770
A67: 5.1.1.2.10 | B67: Pemasangan 1 m' Kabel NYA 3 x 2,5 mm2 + PVC Conduit HI 32 mm | C67: m' | D67: ='5. AHS ME'!G990 -> 22770
A68: 5.1.1.2.11 | B68: Pemasangan 1 m' Kabel NYA 5 x 2,5 mm2 + PVC Conduit HI 20 mm | C68: m' | D68: ='5. AHS ME'!G1007 -> 22770
A69: 5.1.1.2.12 | B69: Pemasangan 1 m' Kabel NYA 5 x 2,5 mm2 + PVC Conduit HI 32 mm | C69: m' | D69: ='5. AHS ME'!G1024 -> 22770
A70: 5.1.1.2.13 | B70: Pemasangan 1 m' Kabel NYA 1 x 35 mm² | C70: m' | D70: ='5. AHS ME'!G1041 -> 27940
A71: 5.1.1.2.14 | B71: Pemasangan 1 m' Kabel NYA 1 x 95 mm² | C71: m' | D71: ='5. AHS ME'!G1058 -> 37895
A72: 5.1.1.2.15 | B72: Pemasangan 1 m' Kabel NYA 1 x 25 mm² (Baru) | C72: m' | D72: ='5. AHS ME'!G1075 -> 22770
A73: 5.1.1.2.16 | B73: Pemasangan 1 m' Kabel NYA 1 x 50 mm² (Baru) | C73: m' | D73: ='5. AHS ME'!G1092 -> 27940
A74: 5.1.1.2.17 | B74: Pemasangan 1 m' Kabel NYA 1 x 70 mm² (Baru) | C74: m' | D74: ='5. AHS ME'!G1109 -> 37895
A76: 5.1.1.3 | B76: Kabel NYM
A77: 5.1.1.3.1 | B77: Pemasangan 1 m’ Kabel NYM 2 x 1,5 mm² | C77: m' | D77: ='5. AHS ME'!G1127 -> 23320
A78: 5.1.1.3.2 | B78: Pemasangan 1 m’ Kabel NYM 2 x 2,5 mm² | C78: m' | D78: ='5. AHS ME'!G1144 -> 23320
A79: 5.1.1.3.3 | B79: Pemasangan 1 m’ Kabel NYM 2 x 4 mm² | C79: m' | D79: ='5. AHS ME'!G1161 -> 23320
A80: 5.1.1.3.4 | B80: Pemasangan 1 m’ Kabel NYM 2 x 6 mm² | C80: m' | D80: ='5. AHS ME'!G1178 -> 23320
A81: 5.1.1.3.5 | B81: Pemasangan 1 m’ Kabel NYM 2 x 10 mm² | C81: m' | D81: ='5. AHS ME'!G1195 -> 23320
A82: 5.1.1.3.6 | B82: Pemasangan 1 m’ Kabel NYM 3 x 1,5 mm² | C82: m' | D82: ='5. AHS ME'!G1212 -> 23320
A83: 5.1.1.3.7 | B83: Pemasangan 1 m’ Kabel NYM 3 x 2,5 mm² | C83: m' | D83: ='5. AHS ME'!G1229 -> 23320
A84: 5.1.1.3.8 | B84: Pemasangan 1 m’ Kabel NYM 3 x 4 mm² | C84: m' | D84: ='5. AHS ME'!G1246 -> 25575
A85: 5.1.1.3.9 | B85: Pemasangan 1 m’ Kabel NYM 3 x 6 mm² | C85: m' | D85: ='5. AHS ME'!G1263 -> 25575
A86: 5.1.1.3.10 | B86: Pemasangan 1 m’ Kabel NYM 3 x 10 mm² | C86: m' | D86: ='5. AHS ME'!G1280 -> 28490
A87: 5.1.1.3.11 | B87: Pemasangan 1 m’ Kabel NYM 4 x 1,5 mm² | C87: m' | D87: ='5. AHS ME'!G1297 -> 23320
A88: 5.1.1.3.12 | B88: Pemasangan 1 m’ Kabel NYM 4 x 2,5 mm² | C88: m' | D88: ='5. AHS ME'!G1314 -> 23320
A89: 5.1.1.3.13 | B89: Pemasangan 1 m’ Kabel NYM 4 x 4 mm² | C89: m' | D89: ='5. AHS ME'!G1331 -> 25575
A90: 5.1.1.3.14 | B90: Pemasangan 1 m’ Kabel NYM 4 x 6 mm² | C90: m' | D90: ='5. AHS ME'!G1348 -> 25575
A91: 5.1.1.3.15 | B91: Pemasangan 1 m’ Kabel NYM 4 x 10 mm² | C91: m' | D91: ='5. AHS ME'!G1365 -> 28490
A92: 5.1.1.3.16 | B92: Pemasangan 1 m’ Kabel NYM 4 x 16 mm² | C92: m' | D92: ='5. AHS ME'!G1382 -> 28490
A94: 5.1.1.4 | B94: Kabel NYMHY
A95: 5.1.1.4.1 | B95: Pemasangan 1 m’ Kabel NYMHY 2 x 1,5 mm² | C95: m' | D95: ='5. AHS ME'!G1400 -> 23320
A96: 5.1.1.4.2 | B96: Pemasangan 1 m’ Kabel NYMHY 2 x 2,5 mm² | C96: m' | D96: ='5. AHS ME'!G1417 -> 23320
A97: 5.1.1.4.3 | B97: Pemasangan 1 m’ Kabel NYMHY 3 x 1,5 mm² | C97: m' | D97: ='5. AHS ME'!G1434 -> 23320
A98: 5.1.1.4.4 | B98: Pemasangan 1 m’ Kabel NYMHY 3 x 2,5 mm² | C98: m' | D98: ='5. AHS ME'!G1451 -> 23320
A99: 5.1.1.4.5 | B99: Pemasangan 1 m’ Kabel NYMHY 4 x 2,5 mm² | C99: m' | D99: ='5. AHS ME'!G1468 -> 23320
A100: 5.1.1.4.6 | B100: Pemasangan 1 m’ Kabel NYMHY 3 x 1,5 mm2 + Conduit PVC HI 20 mm2 | C100: m' | D100: ='5. AHS ME'!G1485 -> 23320
A101: 5.1.1.4.7 | B101: Pemasangan 1 m’ Kabel NYMHY 2 (3 x 1,5 mm2) + Conduit PVC HI 20 mm2 | C101: m' | D101: ='5. AHS ME'!G1502 -> 26455
A102: 5.1.1.4.8 | B102: Pemasangan 1 m' Kabel NYMHY 2 x 0,75 mm² + Conduit PVC HI 20 mm (Baru) | C102: m' | D102: ='5. AHS ME'!G1519 -> 47080
A104: 5.1.1.5 | B104: Kabel NYFGBY
A105: 5.1.1.5.1 | B105: Pemasangan 1 m’ Kabel NYFGBY 2 x 1,5 mm² | C105: m' | D105: ='5. AHS ME'!G1537 -> 23320
...

Sheet HSP PLUMBING
A1: 6 PEKERJAAN PLAMBING
A2: HARGA SATUAN PEKERJAAN
A4: No. Mata Pembayaran | B4: Uraian | C4: Satuan | D4: Harga Satuan (Rp)
A5: 6.1 | B5: SISTEM AIR MINUM
A6: 6.1.1 | B6: Roof water tank
A7: 6.1.1.1 | B7: Pemasangan 1 Unit Roof Tank Fiberglass Kap. 2 m3 | C7: unit | D7: ='6. AHS PLUMBING'!G19 -> 188760
A8: 6.1.1.2 | B8: Pemasangan 1 Unit Roof Tank Fiberglass Kap. 4 m3 | C8: unit | D8: ='6. AHS PLUMBING'!G36 -> 286055
A9: 6.1.1.3 | B9: Pemasangan 1 Unit Roof Tank Fiberglass Kap. 12 m3 | C9: unit | D9: ='6. AHS PLUMBING'!G53 -> 339515
A10: 6.1.1.4 | B10: Pemasangan 1 Unit Roof Tank Stainless Kap. 2 m3 | C10: unit | D10: ='6. AHS PLUMBING'!G70 -> 189530
A11: 6.1.1.5 | B11: Pemasangan 1 Unit Roof Tank Stainless Kap. 4 m3 | C11: unit | D11: ='6. AHS PLUMBING'!G87 -> 286605
A12: 6.1.1.6 | B12: Pemasangan 1 Unit Roof Tank Stainless Kap. 12 m3 | C12: unit | D12: ='6. AHS PLUMBING'!G104 -> 339845
A13: 6.1.1.7 | B13: Pemasangan 1 buah Tangki Toren Kap. 0,7 m3 | C13: buah | D13: ='6. AHS PLUMBING'!G121 -> 65670
A14: 6.1.1.8 | B14: Pemasangan 1 buah Tangki Toren Kap. 1,5 m3 | C14: buah | D14: ='6. AHS PLUMBING'!G138 -> 188430
A15: 6.1.1.9 | B15: Pemasangan 1 buah Tangki Toren Kap. 2,5 m3 | C15: buah | D15: ='6. AHS PLUMBING'!G155 -> 188430
A16: 6.1.1.10 | B16: Pemasangan 1 buah Tangki Toren Kap. 3 m3 | C16: buah | D16: ='6. AHS PLUMBING'!G172 -> 285505
A17: 6.1.1.11 | B17: Pemasangan 1 buah Tangki Toren Kap. 4 m3 | C17: buah | D17: ='6. AHS PLUMBING'!G189 -> 285065
A18: 6.1.1.12 | B18: Pemasangan 1 buah Tangki Toren Kap. 5 m3 | C18: buah | D18: ='6. AHS PLUMBING'!G206 -> 285065
A19: 6.1.1.13 | B19: Pemasangan 1 buah Tangki Toren Kap. 5,5 m3 | C19: buah | D19: ='6. AHS PLUMBING'!G223 -> 285065
A20: 6.1.1.14 | B20: Pemasangan 1 buah Tangki Toren Kap. 6 m3 | C20: buah | D20: ='6. AHS PLUMBING'!G240 -> 334125
A21: 6.1.1.15 | B21: Pemasangan 1 buah Tangki Panel FRP Kap. 12 m3 | C21: buah | D21: ='6. AHS PLUMBING'!G257 -> 339295
A22: 6.1.1.16 | B22: Pemasangan 1 buah Tangki Panel Stainless Steel kap. 12 m3 | C22: buah | D22: ='6. AHS PLUMBING'!G274 -> 339295
A23: 6.1.1.17 | B23: Pemasangan 1 buah Tangki Panel GRP kap 12 m3 | C23: buah | D23: ='6. AHS PLUMBING'!G291 -> 339295
A24: 6.1.1.18 | B24: Pemasangan 1 buah Tangki Toren Kap. 0,5 m3 | C24: buah | D24: ='6. AHS PLUMBING'!G308 -> 65670
A25: 6.1.1.19 | B25: Pemasangan 1 buah Tangki Panel GRP Kap. 16 m3 (Baru) | C25: buah | D25: ='6. AHS PLUMBING'!G325 -> 341165
A26: 6.1.1.20 | B26: Pemasangan 1 buah Tangki Toren Kap. 2,2 m3 (Baru) | C26: buah | D26: ='6. AHS PLUMBING'!G342 -> 188870
A28: 6.1.2 | B28: Pompa transfer dan booster
A29: 6.1.2.1 | B29: Pemasangan 1 Unit Pompa Transfer 150 lpm; Centrifugal End Suction | C29: unit | D29: ='6. AHS PLUMBING'!G360 -> 320540
A30: 6.1.2.2 | B30: Pemasangan 1 Unit Pompa Booster 450 lpm; Centrifugal End Suction | C30: unit | D30: ='6. AHS PLUMBING'!G377 -> 188155
A31: 6.1.2.3 | B31: Pemasangan 1 Unit Pompa Booster 150 lpm; Vertical In Line – Packaged | C31: unit | D31: ='6. AHS PLUMBING'!G394 -> 188155
A32: 6.1.2.4 | B32: Pemasangan 1 Unit Pompa Jet 27 lpm | C32: unit | D32: ='6. AHS PLUMBING'!G411 -> 335555
A33: 6.1.2.5 | B33: Pemasangan 1 Unit Pompa Jet 34 lpm | C33: unit | D33: ='6. AHS PLUMBING'!G428 -> 335555
A34: 6.1.2.6 | B34: Pemasangan 1 Unit Pompa Jet 100 lpm | C34: unit | D34: ='6. AHS PLUMBING'!G445 -> 335555
A35: 6.1.2.7 | B35: Pemasangan 1 Unit Pompa Lift 80 lpm | C35: unit | D35: ='6. AHS PLUMBING'!G462 -> 276540
A36: 6.1.2.8 | B36: Pemasangan 1 Unit Pompa Lift 250 lpm | C36: unit | D36: ='6. AHS PLUMBING'!G479 -> 320980
A37: 6.1.2.9 | B37: Pemasangan 1 Unit Pompa Jet 30 lpm | C37: unit | D37: ='6. AHS PLUMBING'!G496 -> 335555
A38: 6.1.2.10 | B38: Pemasangan 1 Unit Pompa Transfer 500 lpm; Centrifugal End Suction (Baru) | C38: unit | D38: ='6. AHS PLUMBING'!G513 -> 320815
A39: 6.1.2.11 | B39: Pemasangan 1 Unit Pompa Transfer 50 lpm; Centrifugal End Suction (Baru) | C39: unit | D39: ='6. AHS PLUMBING'!G530 -> 259160
A41: 6.1.3 | B41: Filter
A42: 6.1.3.1 | B42: Pemasangan 1 Unit Sand Filter Kap. 0,1 m3/hari | C42: unit | D42: ='6. AHS PLUMBING'!G548 -> 479435
A43: 6.1.3.2 | B43: Pemasangan 1 Unit Sand Filter Kap. 14 m3/hari | C43: unit | D43: ='6. AHS PLUMBING'!G565 -> 2397285
A44: 6.1.3.3 | B44: Pemasangan 1 Unit Carbon Filter Kap. 0,1 m3/hari | C44: unit | D44: ='6. AHS PLUMBING'!G582 -> 479435
A45: 6.1.3.4 | B45: Pemasangan 1 Unit Carbon Filter Kap. 0,6 m3/hari | C45: unit | D45: ='6. AHS PLUMBING'!G599 -> 2397010
A46: 6.1.3.5 | B46: Pemasangan 1 Unit Silika Filter Kap. 0,1 m3/hari | C46: unit | D46: ='6. AHS PLUMBING'!G616 -> 479435
A48: 6.1.4 | B48: 6.1.4 Ground water tank (fiber)
A49: 6.1.4.1 | B49: Pemasangan 1 Set Priming Tank 500 liter | C49: set | D49: ='6. AHS PLUMBING'!G635 -> 276265
A50: 6.1.4.2 | B50: Pemasangan 1 Set Priming Tank 800 liter | C50: set | D50: ='6. AHS PLUMBING'!G652 -> 293865
A51: 6.1.4.3 | B51: Pemasangan 1 Set Priming Tank 1.000 liter | C51: set | D51: ='6. AHS PLUMBING'!G669 -> 320705
A52: 6.1.4.4 | B52: Pemasangan 1 Set Priming Tank 2.000 liter | C52: set | D52: ='6. AHS PLUMBING'!G686 -> 364760
A53: 6.1.4.5 | B53: Pemasangan 1 Set Pressure Tank 1.000 Liter | C53: set | D53: ='6. AHS PLUMBING'!G703 -> 320705
A55: 6.2 | B55: SISTEM AIR LIMBAH
A56: 6.2.1 | B56: Sewage Treatment Plant (STP) / Biofilter
A57: 6.2.1.1 | B57: Pemasangan 1 Set Sewage Treatment Plant (STP) Fiberglass Kap. 2 m3 | C57: set | D57: ='6. AHS PLUMBING'!G722 -> 577940
A58: 6.2.1.2 | B58: Pemasangan 1 Set Sewage Treatment Plant (STP) Fiberglass Kap. 5 m3 | C58: set | D58: ='6. AHS PLUMBING'!G739 -> 1418010
A59: 6.2.1.3 | B59: Pemasangan 1 Set Sewage Treatment Plant (STP) Fiberglass Kap. 10 m3 | C59: set | D59: ='6. AHS PLUMBING'!G756 -> 2843940
A60: 6.2.1.4 | B60: Pemasangan 1 Set Sewage Treatment Plant (STP) Fiberglass Kap. 30 m3 | C60: set | D60: ='6. AHS PLUMBING'!G773 -> 8454985
A61: 6.2.1.5 | B61: Pemasangan 1 Set Sewage Treatment Plant (STP) Precast Kap. 30 m3 | C61: set | D61: ='6. AHS PLUMBING'!G790 -> 12161655
A62: 6.2.1.6 | B62: Pemasangan 1 Set Sewage Treatment Plant (STP) Fiberglass Kap. 1 m3 | C62: set | D62: ='6. AHS PLUMBING'!G807 -> 280720
A63: 6.2.1.7 | B63: Pemasangan 1 Set BioFilter Anaerobic Aerobic Clarifier Packed Kap. 50 m3 (Baru) | C63: set | D63: ='6. AHS PLUMBING'!G824 -> 8479130
A65: 6.2.2 | B65: Bak pengumpul (sump pit)
A66: 6.2.2.1 | B66: Pemasangan 1 Unit Pompa Sump Pit Air Kotor 100 m3/jam, Submersible Cutter Pump | C66: unit | D66: ='6. AHS PLUMBING'!G842 -> 198715
A67: 6.2.2.2 | B67: Pemasangan 1 Unit Pompa Jenis Submersible Cutter Pump Kap. 75 LPM (Baru) | C67: unit | D67: ='6. AHS PLUMBING'!G859 -> 198825
A68: 6.2.2.3 | B68: Pemasangan 1 Unit Pompa Jenis Submersible Cutter Pump Kap. 100 LPM (Baru) | C68: unit | D68: ='6. AHS PLUMBING'!G876 -> 200695
A70: 6.2.3 | B70: Grease trap
A71: 6.2.3.1 | B71: Pemasangan 1 Unit Grease Trap Portable Fiberglass, Kap. 30 Liter | C71: unit | D71: ='6. AHS PLUMBING'!G894 -> 117535
A72: 6.2.3.2 | B72: Pemasangan 1 Unit Grease Trap Portable Stainless, Kap. 30 Liter | C72: unit | D72: ='6. AHS PLUMBING'!G911 -> 117535
A73: 6.2.3.3 | B73: Pemasangan 1 unit Grease Trap Central Fiberglass, Kap. 5 m3 | C73: unit | D73: ='6. AHS PLUMBING'!G928 -> 453145
A75: 6.2.4 | B75: sumur Resapan
A76: 6.2.4.1 | B76: Pembuatan 1 buah Sumur Resapan Air Limbah diameter 80 cm, t=100 cm (dengan Tutup Beton) | C76: buah | D76: ='6. AHS PLUMBING'!G955 -> 281837.84
A77: 6.2.4.2 | B77: Pembuatan 1 buah Sumur Resapan Air Limbah diameter 80 cm, t=100 cm (tanpa Tutup Beton) | C77: buah | D77: ='6. AHS PLUMBING'!G977 -> 213514.09
A79: 6.3 | B79: 6.3 BAK KONTROL
A80: 6.3.1 | B80: Pemasangan 1 buah Bak Kontrol Pasangan Bata 30 cm x 30 cm Tinggi 35 cm dengan Tutup Beton | C80: buah | D80: ='6. AHS PLUMBING'!G1000 -> 1314500
A81: 6.3.2 | B81: Pemasangan 1 buah Bak Kontrol Pasangan Bata 45 cm x 45 cm Tinggi 50 cm dengan Tutup Beton | C81: buah | D81: ='6. AHS PLUMBING'!G1022 -> 2195325
A82: 6.3.3 | B82: Pemasangan 1 buah Bak Kontrol Pasangan Bata 60 cm x 60 cm Tinggi 65 cm dengan Tutup Beton | C82: buah | D82: ='6. AHS PLUMBING'!G1044 -> 3211142
A84: 6.4 | B84: SISTEM PERPIPAAN DALAM GEDUNG
A85: 6.4.1 | B85: Pipa PVC
A86: 6.4.1.1 | B86: Pemasangan 1 m pipa PVC AW, Dia. 1/2" (15 mm) | C86: m' | D86: ='6. AHS PLUMBING'!G1063 -> 23155
A87: 6.4.1.2 | B87: Pemasangan 1 m pipa PVC AW, Dia. 3/4" (20 mm) | C87: m' | D87: ='6. AHS PLUMBING'!G1080 -> 26070
A88: 6.4.1.3 | B88: Pemasangan 1 m pipa PVC AW, Dia. 1" (25 mm) | C88: m' | D88: ='6. AHS PLUMBING'!G1097 -> 29205
A89: 6.4.1.4 | B89: Pemasangan 1 m pipa PVC AW, Dia. 1-1/4" (32 mm) | C89: m' | D89: ='6. AHS PLUMBING'!G1114 -> 33165
A90: 6.4.1.5 | B90: Pemasangan 1 m pipa PVC AW, Dia. 1-1/2" (40 mm) | C90: m' | D90: ='6. AHS PLUMBING'!G1131 -> 36190
A91: 6.4.1.6 | B91: Pemasangan 1 m pipa PVC AW, Dia. 2" (50 mm) | C91: m' | D91: ='6. AHS PLUMBING'!G1148 -> 42350
A92: 6.4.1.7 | B92: Pemasangan 1 m pipa PVC AW, Dia. 2-1/2" (65 mm) | C92: m' | D92: ='6. AHS PLUMBING'!G1165 -> 48730
A93: 6.4.1.8 | B93: Pemasangan 1 m pipa PVC AW, Dia. 3" (80 mm) | C93: m' | D93: ='6. AHS PLUMBING'!G1182 -> 55935
A94: 6.4.1.9 | B94: Pemasangan 1 m pipa PVC AW, Dia. 4" (100 mm) | C94: m' | D94: ='6. AHS PLUMBING'!G1199 -> 68090
A95: 6.4.1.10 | B95: Pemasangan 1 m pipa PVC AW, Dia. 5" (125 mm) | C95: m' | D95: ='6. AHS PLUMBING'!G1216 -> 80465
A96: 6.4.1.11 | B96: Pemasangan 1 m pipa PVC AW, Dia. 6" (150 mm) | C96: m' | D96: ='6. AHS PLUMBING'!G1233 -> 93665
A97: 6.4.1.12 | B97: Pemasangan 1 m pipa PVC AW, Dia. 8" (200 mm) | C97: m' | D97: ='6. AHS PLUMBING'!G1250 -> 120230
A98: 6.4.1.13 | B98: Pemasangan 1 m pipa PVC AW, Dia. 10" (250 mm) | C98: m' | D98: ='6. AHS PLUMBING'!G1267 -> 145640
A99: 6.4.1.14 | B99: Pemasangan 1 m pipa PVC AW, Dia. 12" (300 mm) | C99: m' | D99: ='6. AHS PLUMBING'!G1284 -> 171490
A100: 6.4.1.15 | B100: Pemasangan 1 m pipa PVC AW, Dia. 14" (350 mm) | C100: m' | D100: ='6. AHS PLUMBING'!G1301 -> 196900
A101: 6.4.1.16 | B101: Pemasangan 1 m pipa PVC AW, Dia. 16" (400 mm) | C101: m' | D101: ='6. AHS PLUMBING'!G1318 -> 222750
A102: 6.4.1.17 | B102: Pemasangan 1 m pipa PVC D, Dia. 1-1/4" (32 mm) | C102: m' | D102: ='6. AHS PLUMBING'!G1335 -> 33000
A103: 6.4.1.18 | B103: Pemasangan 1 m pipa PVC D, Dia. 1-1/2" (40 mm) | C103: m' | D103: ='6. AHS PLUMBING'!G1352 -> 36190
A104: 6.4.1.19 | B104: Pemasangan 1 m pipa PVC D, Dia. 2" (50 mm) | C104: m' | D104: ='6. AHS PLUMBING'!G1369 -> 42350
A105: 6.4.1.20 | B105: Pemasangan 1 m pipa PVC D, Dia. 2-1/2" (65 mm) | C105: m' | D105: ='6. AHS PLUMBING'!G1386 -> 48730
A106: 6.4.1.21 | B106: Pemasangan 1 m pipa PVC D, Dia. 3" (80 mm) | C106: m' | D106: ='6. AHS PLUMBING'!G1403 -> 55935
A107: 6.4.1.22 | B107: Pemasangan 1 m pipa PVC D, Dia. 4" (100 mm) | C107: m' | D107: ='6. AHS PLUMBING'!G1420 -> 68090
A108: 6.4.1.23 | B108: Pemasangan 1 m pipa PVC D, Dia. 5" (125 mm) | C108: m' | D108: ='6. AHS PLUMBING'!G1437 -> 80465
A109: 6.4.1.24 | B109: Pemasangan 1 m pipa PVC D, Dia. 6" (150 mm) | C109: m' | D109: ='6. AHS PLUMBING'!G1454 -> 93665
A110: 6.4.1.25 | B110: Pemasangan 1 m pipa PVC D, Dia. 8" (200 mm) | C110: m' | D110: ='6. AHS PLUMBING'!G1471 -> 120230
...

Sheet 5. AHS ME
A1: 5 AHS PEKERJAAN MEKANIKAL DAN ELEKTRIKAL
A2: 5.1 | B2: PEKERJAAN SISTEM DISTRIBUSI JARINGAN LISTRIK
A3: 5.1.1 | B3: Pemasangan kabel arus kuat (kabel, kabel tray/ladder)
A4: 5.1.1.1 | B4: Kabel NYY
A5: 5.1.1.1.1 Pemasangan 1 m’ Kabel NYY 1 x 4 mm²
A6: No | B6: Uraian | C6: Kode | D6: Satuan | E6: Koefisien | F6: Harga Satuan (Rp) | G6: Jumlah Harga (Rp)
A7: A | B7: Tenaga Kerja
B8: Pekerja | C8: L.01 | D8: OH | E8: 0,024 | F8: =VLOOKUP(B8,'HSD ME&PLUMBING'!$B$6:E1670,4,FALSE) -> 100000 | G8: =F8*E8 -> 2400
B9: Tukang Listrik / Elektronik | C9: L.02 | D9: OH | E9: 0,040 | F9: =VLOOKUP(B9,'HSD ME&PLUMBING'!$B$6:E1671,4,FALSE) -> 150000 | G9: =F9*E9 -> 6000
B10: Kepala Tukang | C10: L.03 | D10: OH | E10: 0,004 | F10: =VLOOKUP(B10,'HSD ME&PLUMBING'!$B$6:E1672,4,FALSE) -> 150000 | G10: =F10*E10 -> 600
B11: Mandor | C11: L.04 | D11: OH | E11: 0,001 | F11: =VLOOKUP(B11,'HSD ME&PLUMBING'!$B$6:E1673,4,FALSE) -> 200000 | G11: =F11*E11 -> 200
A12: Jumlah Harga Tenaga Kerja | G12: =SUM(G8:G11) -> 9200
A13: B | B13: Bahan
B14: NYY 1 x 4 mm² dan aksesoris | D14: m' | E14: 1,15 | F14: =VLOOKUP(B14,'HSD ME&PLUMBING'!$B$6:E1676,4,FALSE) -> 10000 | G14: =F14*E14 -> 11500
A15: Jumlah Harga Bahan | G15: =SUM(G14) -> 11500
A16: C | B16: Peralatan
A17: Jumlah Harga Alat | G17: =SUM(G16) -> 0
A18: D | B18: Jumlah Harga Tenaga Kerja, Bahan dan Peralatan (A+B+C) | G18: =G12+G15+G17 -> 20700
A19: E | B19: Biaya Umum dan Keuntungan (10% - 15%) x D | F19: 0.1 | G19: =G18*10% -> 2070
A20: F | B20: Harga Satuan Pekerjaan (D+E) | G20: =G18+G19 -> 22770
A22: 5.1.1.1.2 Pemasangan 1 m’ Kabel NYY 1 x 6 mm²
A23: No | B23: Uraian | C23: Kode | D23: Satuan | E23: Koefisien | F23: Harga Satuan (Rp) | G23: Jumlah Harga (Rp)
A24: A | B24: Tenaga Kerja
B25: Pekerja | C25: L.01 | D25: OH | E25: 0,024 | F25: =VLOOKUP(B25,'HSD ME&PLUMBING'!$B$6:E1687,4,FALSE) -> 100000 | G25: =F25*E25 -> 2400
B26: Tukang Listrik / Elektronik | C26: L.02 | D26: OH | E26: 0,040 | F26: =VLOOKUP(B26,'HSD ME&PLUMBING'!$B$6:E1688,4,FALSE) -> 150000 | G26: =F26*E26 -> 6000
B27: Kepala Tukang | C27: L.03 | D27: OH | E27: 0,004 | F27: =VLOOKUP(B27,'HSD ME&PLUMBING'!$B$6:E1689,4,FALSE) -> 150000 | G27: =F27*E27 -> 600
B28: Mandor | C28: L.04 | D28: OH | E28: 0,001 | F28: =VLOOKUP(B28,'HSD ME&PLUMBING'!$B$6:E1690,4,FALSE) -> 200000 | G28: =F28*E28 -> 200
A29: Jumlah Harga Tenaga Kerja | G29: =SUM(G25:G28) -> 9200
A30: B | B30: Bahan
B31: NYY 1 x 6 mm² dan aksesoris | D31: m' | E31: 1,15 | F31: =VLOOKUP(B31,'HSD ME&PLUMBING'!$B$6:E1693,4,FALSE) -> 10000 | G31: =F31*E31 -> 11500
A32: Jumlah Harga Bahan | G32: =SUM(G31) -> 11500
A33: C | B33: Peralatan
A34: Jumlah Harga Alat | G34: =SUM(G33) -> 0
A35: D | B35: Jumlah Harga Tenaga Kerja, Bahan dan Peralatan (A+B+C) | G35: =G29+G32+G34 -> 20700
A36: E | B36: Biaya Umum dan Keuntungan (10% - 15%) x D | F36: 0.1 | G36: =G35*10% -> 2070
A37: F | B37: Harga Satuan Pekerjaan (D+E) | G37: =G35+G36 -> 22770
A39: 5.1.1.1.3 Pemasangan 1 m’ Kabel NYY 1 x 10 mm²
A40: No | B40: Uraian | C40: Kode | D40: Satuan | E40: Koefisien | F40: Harga Satuan (Rp) | G40: Jumlah Harga (Rp)
A41: A | B41: Tenaga Kerja
B42: Pekerja | C42: L.01 | D42: OH | E42: 0,024 | F42: =VLOOKUP(B42,'HSD ME&PLUMBING'!$B$6:E1704,4,FALSE) -> 100000 | G42: =F42*E42 -> 2400
B43: Tukang Listrik / Elektronik | C43: L.02 | D43: OH | E43: 0,040 | F43: =VLOOKUP(B43,'HSD ME&PLUMBING'!$B$6:E1705,4,FALSE) -> 150000 | G43: =F43*E43 -> 6000
B44: Kepala Tukang | C44: L.03 | D44: OH | E44: 0,004 | F44: =VLOOKUP(B44,'HSD ME&PLUMBING'!$B$6:E1706,4,FALSE) -> 150000 | G44: =F44*E44 -> 600
B45: Mandor | C45: L.04 | D45: OH | E45: 0,001 | F45: =VLOOKUP(B45,'HSD ME&PLUMBING'!$B$6:E1707,4,FALSE) -> 200000 | G45: =F45*E45 -> 200
A46: Jumlah Harga Tenaga Kerja | G46: =SUM(G42:G45) -> 9200
A47: B | B47: Bahan
B48: NYY 1 x 10 mm² dan aksesoris | D48: m' | E48: 1,15 | F48: =VLOOKUP(B48,'HSD ME&PLUMBING'!$B$6:E1710,4,FALSE) -> 10000 | G48: =F48*E48 -> 11500
A49: Jumlah Harga Bahan | G49: =SUM(G48) -> 11500
A50: C | B50: Peralatan
A51: Jumlah Harga Alat | G51: =SUM(G50) -> 0
A52: D | B52: Jumlah Harga Tenaga Kerja, Bahan dan Peralatan (A+B+C) | G52: =G46+G49+G51 -> 20700
A53: E | B53: Biaya Umum dan Keuntungan (10% - 15%) x D | F53: 0.1 | G53: =G52*10% -> 2070
A54: F | B54: Harga Satuan Pekerjaan (D+E) | G54: =G52+G53 -> 22770
A56: 5.1.1.1.4 Pemasangan 1 m’ Kabel NYY 1 x 16 mm²
A57: No | B57: Uraian | C57: Kode | D57: Satuan | E57: Koefisien | F57: Harga Satuan (Rp) | G57: Jumlah Harga (Rp)
A58: A | B58: Tenaga Kerja
B59: Pekerja | C59: L.01 | D59: OH | E59: 0,024 | F59: =VLOOKUP(B59,'HSD ME&PLUMBING'!$B$6:E1721,4,FALSE) -> 100000 | G59: =F59*E59 -> 2400
B60: Tukang Listrik / Elektronik | C60: L.02 | D60: OH | E60: 0,040 | F60: =VLOOKUP(B60,'HSD ME&PLUMBING'!$B$6:E1722,4,FALSE) -> 150000 | G60: =F60*E60 -> 6000
B61: Kepala Tukang | C61: L.03 | D61: OH | E61: 0,004 | F61: =VLOOKUP(B61,'HSD ME&PLUMBING'!$B$6:E1723,4,FALSE) -> 150000 | G61: =F61*E61 -> 600
B62: Mandor | C62: L.04 | D62: OH | E62: 0,001 | F62: =VLOOKUP(B62,'HSD ME&PLUMBING'!$B$6:E1724,4,FALSE) -> 200000 | G62: =F62*E62 -> 200
A63: Jumlah Harga Tenaga Kerja | G63: =SUM(G59:G62) -> 9200
A64: B | B64: Bahan
B65: NYY 1 x 16 mm² dan aksesoris | D65: m' | E65: 1,15 | F65: =VLOOKUP(B65,'HSD ME&PLUMBING'!$B$6:E1727,4,FALSE) -> 10000 | G65: =F65*E65 -> 11500
A66: Jumlah Harga Bahan | G66: =SUM(G65) -> 11500
A67: C | B67: Peralatan
A68: Jumlah Harga Alat | G68: =SUM(G67) -> 0
A69: D | B69: Jumlah Harga Tenaga Kerja, Bahan dan Peralatan (A+B+C) | G69: =G63+G66+G68 -> 20700
A70: E | B70: Biaya Umum dan Keuntungan (10% - 15%) x D | F70: 0.1 | G70: =G69*10% -> 2070
A71: F | B71: Harga Satuan Pekerjaan (D+E) | G71: =G69+G70 -> 22770
A73: 5.1.1.1.5 Pemasangan 1 m’ Kabel NYY 1 x 25 mm²
A74: No | B74: Uraian | C74: Kode | D74: Satuan | E74: Koefisien | F74: Harga Satuan (Rp) | G74: Jumlah Harga (Rp)
A75: A | B75: Tenaga Kerja
B76: Pekerja | C76: L.01 | D76: OH | E76: 0,029 | F76: =VLOOKUP(B76,'HSD ME&PLUMBING'!$B$6:E1738,4,FALSE) -> 100000 | G76: =F76*E76 -> 2900
B77: Tukang Listrik / Elektronik | C77: L.02 | D77: OH | E77: 0,048 | F77: =VLOOKUP(B77,'HSD ME&PLUMBING'!$B$6:E1739,4,FALSE) -> 150000 | G77: =F77*E77 -> 7200
B78: Kepala Tukang | C78: L.03 | D78: OH | E78: 0,005 | F78: =VLOOKUP(B78,'HSD ME&PLUMBING'!$B$6:E1740,4,FALSE) -> 150000 | G78: =F78*E78 -> 750
B79: Mandor | C79: L.04 | D79: OH | E79: 0,002 | F79: =VLOOKUP(B79,'HSD ME&PLUMBING'!$B$6:E1741,4,FALSE) -> 200000 | G79: =F79*E79 -> 400
A80: Jumlah Harga Tenaga Kerja | G80: =SUM(G76:G79) -> 11250
A81: B | B81: Bahan
B82: NYY 1 x 25 mm² dan aksesoris | D82: m' | E82: 1,15 | F82: =VLOOKUP(B82,'HSD ME&PLUMBING'!$B$6:E1744,4,FALSE) -> 10000 | G82: =F82*E82 -> 11500
A83: Jumlah Harga Bahan | G83: =SUM(G82) -> 11500
A84: C | B84: Peralatan
A85: Jumlah Harga Alat | G85: =SUM(G84) -> 0
A86: D | B86: Jumlah Harga Tenaga Kerja, Bahan dan Peralatan (A+B+C) | G86: =G80+G83+G85 -> 22750
A87: E | B87: Biaya Umum dan Keuntungan (10% - 15%) x D | F87: 0.1 | G87: =G86*10% -> 2275
A88: F | B88: Harga Satuan Pekerjaan (D+E) | G88: =G86+G87 -> 25025
A90: 5.1.1.1.6 Pemasangan 1 m’ Kabel NYY 1 x 35 mm²
A91: No | B91: Uraian | C91: Kode | D91: Satuan | E91: Koefisien | F91: Harga Satuan (Rp) | G91: Jumlah Harga (Rp)
A92: A | B92: Tenaga Kerja
B93: Pekerja | C93: L.01 | D93: OH | E93: 0,036 | F93: =VLOOKUP(B93,'HSD ME&PLUMBING'!$B$6:E1755,4,FALSE) -> 100000 | G93: =F93*E93 -> 3600
B94: Tukang Listrik / Elektronik | C94: L.02 | D94: OH | E94: 0,060 | F94: =VLOOKUP(B94,'HSD ME&PLUMBING'!$B$6:E1756,4,FALSE) -> 150000 | G94: =F94*E94 -> 9000
B95: Kepala Tukang | C95: L.03 | D95: OH | E95: 0,006 | F95: =VLOOKUP(B95,'HSD ME&PLUMBING'!$B$6:E1757,4,FALSE) -> 150000 | G95: =F95*E95 -> 900
B96: Mandor | C96: L.04 | D96: OH | E96: 0,002 | F96: =VLOOKUP(B96,'HSD ME&PLUMBING'!$B$6:E1758,4,FALSE) -> 200000 | G96: =F96*E96 -> 400
A97: Jumlah Harga Tenaga Kerja | G97: =SUM(G93:G96) -> 13900
A98: B | B98: Bahan
B99: NYY 1 x 35 mm² dan aksesoris | D99: m' | E99: 1,15 | F99: =VLOOKUP(B99,'HSD ME&PLUMBING'!$B$6:E1761,4,FALSE) -> 10000 | G99: =F99*E99 -> 11500
A100: Jumlah Harga Bahan | G100: =SUM(G99) -> 11500
A101: C | B101: Peralatan
A102: Jumlah Harga Alat | G102: =SUM(G101) -> 0
A103: D | B103: Jumlah Harga Tenaga Kerja, Bahan dan Peralatan (A+B+C) | G103: =G97+G100+G102 -> 25400
A104: E | B104: Biaya Umum dan Keuntungan (10% - 15%) x D | F104: 0.1 | G104: =G103*10% -> 2540
A105: F | B105: Harga Satuan Pekerjaan (D+E) | G105: =G103+G104 -> 27940
...

Sheet 6. AHS PLUMBING
A1: 6 PEKERJAAN PLAMBING
A2: 6.1 SISTEM AIR MINUM
A3: 6.1.1 Roof water tank
A4: 6.1.1.1 Pemasangan 1 Unit Roof Tank Fiberglass Kap. 2 m3
A5: No | B5: Uraian | C5: Kode | D5: Satuan | E5: Koefisien | F5: Harga Satuan (Rp) | G5: Jumlah Harga (Rp)
A6: A | B6: Tenaga Kerja
B7: Pekerja | C7: L.01 | D7: OH | E7: 0,417 | F7: =VLOOKUP(B7,'HSD ME&PLUMBING'!$B$6:E1669,4,FALSE) -> 100000 | G7: =F7*E7 -> 41700
B8: Tukang | C8: L.02 | D8: OH | E8: 0,696 | F8: =VLOOKUP(B8,'HSD ME&PLUMBING'!$B$6:E1670,4,FALSE) -> 150000 | G8: =F8*E8 -> 104400
B9: Kepala Tukang | C9: L.03 | D9: OH | E9: 0,070 | F9: =VLOOKUP(B9,'HSD ME&PLUMBING'!$B$6:E1671,4,FALSE) -> 150000 | G9: =F9*E9 -> 10500
B10: Mandor | C10: L.04 | D10: OH | E10: 0,021 | F10: =VLOOKUP(B10,'HSD ME&PLUMBING'!$B$6:E1672,4,FALSE) -> 200000 | G10: =F10*E10 -> 4200
A11: Jumlah Harga Tenaga Kerja | G11: =SUM(G7:G10) -> 160800
A12: B | B12: Bahan
B13: Roof Tank Fiberglass Kapasitas 2 m3 + Material Bantu / Aksesoris | D13: Unit | E13: 1,080 | F13: =VLOOKUP(B13,'HSD ME&PLUMBING'!$B$6:E1675,4,FALSE) -> 10000 | G13: =F13*E13 -> 10800
A14: Jumlah Harga Bahan | G14: =SUM(G13) -> 10800
A15: C | B15: Peralatan
A16: Jumlah Harga Alat | G16: =SUM(G15) -> 0
A17: D | B17: Jumlah Harga Tenaga Kerja, Bahan dan Peralatan (A+B+C) | G17: =SUM(G7:G16)/2 -> 171600
A18: E | B18: Biaya Umum dan Keuntungan (10% - 15%) x D | F18: 0.1 | G18: =G17*F18 -> 17160
A19: F | B19: Harga Satuan Pekerjaan (D+E) | G19: =G17+G18 -> 188760
A21: 6.1.1.2 Pemasangan 1 Unit Roof Tank Fiberglass Kap. 4 m3
A22: No | B22: Uraian | C22: Kode | D22: Satuan | E22: Koefisien | F22: Harga Satuan (Rp) | G22: Jumlah Harga (Rp)
A23: A | B23: Tenaga Kerja
B24: Pekerja | C24: L.01 | D24: OH | E24: 0,646 | F24: =VLOOKUP(B24,'HSD ME&PLUMBING'!$B$6:E1686,4,FALSE) -> 100000 | G24: =F24*E24 -> 64600
B25: Tukang | C25: L.02 | D25: OH | E25: 1,079 | F25: =VLOOKUP(B25,'HSD ME&PLUMBING'!$B$6:E1687,4,FALSE) -> 150000 | G25: =F25*E25 -> 161850
B26: Kepala Tukang | C26: L.03 | D26: OH | E26: 0,108 | F26: =VLOOKUP(B26,'HSD ME&PLUMBING'!$B$6:E1688,4,FALSE) -> 150000 | G26: =F26*E26 -> 16200
B27: Mandor | C27: L.04 | D27: OH | E27: 0,032 | F27: =VLOOKUP(B27,'HSD ME&PLUMBING'!$B$6:E1689,4,FALSE) -> 200000 | G27: =F27*E27 -> 6400
A28: Jumlah Harga Tenaga Kerja | G28: =SUM(G24:G27) -> 249050
A29: B | B29: Bahan
B30: Roof Tank Fiberglass Kapasitas 4 m3 + Material Bantu / Aksesoris | D30: Unit | E30: 1,100 | F30: =VLOOKUP(B30,'HSD ME&PLUMBING'!$B$6:E1692,4,FALSE) -> 10000 | G30: =F30*E30 -> 11000
A31: Jumlah Harga Bahan | G31: =SUM(G30) -> 11000
A32: C | B32: Peralatan
A33: Jumlah Harga Alat | G33: =SUM(G32) -> 0
A34: D | B34: Jumlah Harga Tenaga Kerja, Bahan dan Peralatan (A+B+C) | G34: =SUM(G24:G33)/2 -> 260050
A35: E | B35: Biaya Umum dan Keuntungan (10% - 15%) x D | F35: 0.1 | G35: =G34*F35 -> 26005
A36: F | B36: Harga Satuan Pekerjaan (D+E) | G36: =G34+G35 -> 286055
A38: 6.1.1.3 Pemasangan 1 Unit Roof Tank Fiberglass Kap. 12 m3
A39: No | B39: Uraian | C39: Kode | D39: Satuan | E39: Koefisien | F39: Harga Satuan (Rp) | G39: Jumlah Harga (Rp)
A40: A | B40: Tenaga Kerja
B41: Pekerja | C41: L.01 | D41: OH | E41: 0,771 | F41: =VLOOKUP(B41,'HSD ME&PLUMBING'!$B$6:E1703,4,FALSE) -> 100000 | G41: =F41*E41 -> 77100
B42: Tukang | C42: L.02 | D42: OH | E42: 1,288 | F42: =VLOOKUP(B42,'HSD ME&PLUMBING'!$B$6:E1704,4,FALSE) -> 150000 | G42: =F42*E42 -> 193200
B43: Kepala Tukang | C43: L.03 | D43: OH | E43: 0,129 | F43: =VLOOKUP(B43,'HSD ME&PLUMBING'!$B$6:E1705,4,FALSE) -> 150000 | G43: =F43*E43 -> 19350
B44: Mandor | C44: L.04 | D44: OH | E44: 0,039 | F44: =VLOOKUP(B44,'HSD ME&PLUMBING'!$B$6:E1706,4,FALSE) -> 200000 | G44: =F44*E44 -> 7800
A45: Jumlah Harga Tenaga Kerja | G45: =SUM(G41:G44) -> 297450
A46: B | B46: Bahan
B47: Roof Tank Fiberglass Kapasitas 12 m3 + Material Bantu / Aksesoris | D47: Unit | E47: 1,120 | F47: =VLOOKUP(B47,'HSD ME&PLUMBING'!$B$6:E1709,4,FALSE) -> 10000 | G47: =F47*E47 -> 11200
A48: Jumlah Harga Bahan | G48: =SUM(G47) -> 11200
A49: C | B49: Peralatan
A50: Jumlah Harga Alat | G50: =SUM(G49) -> 0
A51: D | B51: Jumlah Harga Tenaga Kerja, Bahan dan Peralatan (A+B+C) | G51: =SUM(G41:G50)/2 -> 308650
A52: E | B52: Biaya Umum dan Keuntungan (10% - 15%) x D | F52: 0.1 | G52: =G51*F52 -> 30865
A53: F | B53: Harga Satuan Pekerjaan (D+E) | G53: =G51+G52 -> 339515
A55: 6.1.1.4 Pemasangan 1 Unit Roof Tank Stainless Kap. 2 m3
A56: No | B56: Uraian | C56: Kode | D56: Satuan | E56: Koefisien | F56: Harga Satuan (Rp) | G56: Jumlah Harga (Rp)
A57: A | B57: Tenaga Kerja
B58: Pekerja | C58: L.01 | D58: OH | E58: 0,417 | F58: =VLOOKUP(B58,'HSD ME&PLUMBING'!$B$6:E1720,4,FALSE) -> 100000 | G58: =F58*E58 -> 41700
B59: Tukang | C59: L.02 | D59: OH | E59: 0,696 | F59: =VLOOKUP(B59,'HSD ME&PLUMBING'!$B$6:E1721,4,FALSE) -> 150000 | G59: =F59*E59 -> 104400
B60: Kepala Tukang | C60: L.03 | D60: OH | E60: 0,070 | F60: =VLOOKUP(B60,'HSD ME&PLUMBING'!$B$6:E1722,4,FALSE) -> 150000 | G60: =F60*E60 -> 10500
B61: Mandor | C61: L.04 | D61: OH | E61: 0,021 | F61: =VLOOKUP(B61,'HSD ME&PLUMBING'!$B$6:E1723,4,FALSE) -> 200000 | G61: =F61*E61 -> 4200
A62: Jumlah Harga Tenaga Kerja | G62: =SUM(G58:G61) -> 160800
A63: B | B63: Bahan
B64: Roof Tank Stainless Kapasitas 2 m3 + Material Bantu / Aksesoris | D64: Unit | E64: 1,150 | F64: =VLOOKUP(B64,'HSD ME&PLUMBING'!$B$6:E1726,4,FALSE) -> 10000 | G64: =F64*E64 -> 11500
A65: Jumlah Harga Bahan | G65: =SUM(G64) -> 11500
A66: C | B66: Peralatan
A67: Jumlah Harga Alat | G67: =SUM(G66) -> 0
A68: D | B68: Jumlah Harga Tenaga Kerja, Bahan dan Peralatan (A+B+C) | G68: =SUM(G58:G67)/2 -> 172300
A69: E | B69: Biaya Umum dan Keuntungan (10% - 15%) x D | F69: 0.1 | G69: =G68*F69 -> 17230
A70: F | B70: Harga Satuan Pekerjaan (D+E) | G70: =G68+G69 -> 189530
A72: 6.1.1.5 Pemasangan 1 Unit Roof Tank Stainless Kap. 4 m3
A73: No | B73: Uraian | C73: Kode | D73: Satuan | E73: Koefisien | F73: Harga Satuan (Rp) | G73: Jumlah Harga (Rp)
A74: A | B74: Tenaga Kerja
B75: Pekerja | C75: L.01 | D75: OH | E75: 0,646 | F75: =VLOOKUP(B75,'HSD ME&PLUMBING'!$B$6:E1737,4,FALSE) -> 100000 | G75: =F75*E75 -> 64600
B76: Tukang | C76: L.02 | D76: OH | E76: 1,079 | F76: =VLOOKUP(B76,'HSD ME&PLUMBING'!$B$6:E1738,4,FALSE) -> 150000 | G76: =F76*E76 -> 161850
B77: Kepala Tukang | C77: L.03 | D77: OH | E77: 0,108 | F77: =VLOOKUP(B77,'HSD ME&PLUMBING'!$B$6:E1739,4,FALSE) -> 150000 | G77: =F77*E77 -> 16200
B78: Mandor | C78: L.04 | D78: OH | E78: 0,032 | F78: =VLOOKUP(B78,'HSD ME&PLUMBING'!$B$6:E1740,4,FALSE) -> 200000 | G78: =F78*E78 -> 6400
A79: Jumlah Harga Tenaga Kerja | G79: =SUM(G75:G78) -> 249050
A80: B | B80: Bahan
B81: Roof Tank Stainless Kapasitas 4 m3 + Material Bantu / Aksesoris | D81: Unit | E81: 1,150 | F81: =VLOOKUP(B81,'HSD ME&PLUMBING'!$B$6:E1743,4,FALSE) -> 10000 | G81: =F81*E81 -> 11500
A82: Jumlah Harga Bahan | G82: =SUM(G81) -> 11500
A83: C | B83: Peralatan
A84: Jumlah Harga Alat | G84: =SUM(G83) -> 0
A85: D | B85: Jumlah Harga Tenaga Kerja, Bahan dan Peralatan (A+B+C) | G85: =SUM(G75:G84)/2 -> 260550
A86: E | B86: Biaya Umum dan Keuntungan (10% - 15%) x D | F86: 0.1 | G86: =G85*F86 -> 26055
A87: F | B87: Harga Satuan Pekerjaan (D+E) | G87: =G85+G86 -> 286605
A89: 6.1.1.6 Pemasangan 1 Unit Roof Tank Stainless Kap. 12 m3
A90: No | B90: Uraian | C90: Kode | D90: Satuan | E90: Koefisien | F90: Harga Satuan (Rp) | G90: Jumlah Harga (Rp)
A91: A | B91: Tenaga Kerja
B92: Pekerja | C92: L.01 | D92: OH | E92: 0,771 | F92: =VLOOKUP(B92,'HSD ME&PLUMBING'!$B$6:E1754,4,FALSE) -> 100000 | G92: =F92*E92 -> 77100
B93: Tukang | C93: L.02 | D93: OH | E93: 1,288 | F93: =VLOOKUP(B93,'HSD ME&PLUMBING'!$B$6:E1755,4,FALSE) -> 150000 | G93: =F93*E93 -> 193200
B94: Kepala Tukang | C94: L.03 | D94: OH | E94: 0,129 | F94: =VLOOKUP(B94,'HSD ME&PLUMBING'!$B$6:E1756,4,FALSE) -> 150000 | G94: =F94*E94 -> 19350
B95: Mandor | C95: L.04 | D95: OH | E95: 0,039 | F95: =VLOOKUP(B95,'HSD ME&PLUMBING'!$B$6:E1757,4,FALSE) -> 200000 | G95: =F95*E95 -> 7800
A96: Jumlah Harga Tenaga Kerja | G96: =SUM(G92:G95) -> 297450
A97: B | B97: Bahan
B98: Roof Tank Stainless Kapasitas 12 m3 + Material Bantu / Aksesoris | D98: Unit | E98: 1,150 | F98: =VLOOKUP(B98,'HSD ME&PLUMBING'!$B$6:E1760,4,FALSE) -> 10000 | G98: =F98*E98 -> 11500
A99: Jumlah Harga Bahan | G99: =SUM(G98) -> 11500
A100: C | B100: Peralatan
A101: Jumlah Harga Alat | G101: =SUM(G100) -> 0
A102: D | B102: Jumlah Harga Tenaga Kerja, Bahan dan Peralatan (A+B+C) | G102: =SUM(G92:G101)/2 -> 308950
A103: E | B103: Biaya Umum dan Keuntungan (10% - 15%) x D | F103: 0.1 | G103: =G102*F103 -> 30895
A104: F | B104: Harga Satuan Pekerjaan (D+E) | G104: =G102+G103 -> 339845
A106: 6.1.1.7 Pemasangan 1 buah Tangki Toren Kap. 0,7 m3
...

Sheet HSD ME&PLUMBING
A1: HARGA SATUAN DASAR ME & PLAMBING
A2: UPAH TENAGA KERJA, BAHAN DAN PERALATAN
A4: NO. | B4: URAIAN | C4: KODE | D4: SATUAN | E4: HARGA | F4: KET.
A5: A. | B5: TENAGA KERJA
A6: 1 | B6: Kepala Tukang | D6: OH | E6: ='[418]HSD PSPN,STR,ARS'!F6 -> 150000
A7: 2 | B7: Tukang | D7: OH | E7: ='[418]HSD PSPN,STR,ARS'!F7 -> 150000
A8: 3 | B8: Tukang Alumunium | D8: OH | E8: =E7 -> 150000
A9: 4 | B9: Tukang batu/tembok | D9: OH | E9: =E8 -> 150000
A10: 5 | B10: Tukang Besi | D10: OH | E10: =E9 -> 150000
A11: 6 | B11: Tukang Cat | D11: OH | E11: =E10 -> 150000
A12: 7 | B12: Tukang Kayu | D12: OH | E12: =E11 -> 150000
A13: 8 | B13: Tukang Las Konstruksi | D13: OH | E13: =E12 -> 150000
A14: 9 | B14: Tukang Pipa | D14: OH | E14: =E13 -> 150000
A15: 10 | B15: Tukang Listrik / Elektronik | D15: OH | E15: =E14 -> 150000
A16: 11 | B16: Pekerja | D16: OH | E16: ='[418]HSD PSPN,STR,ARS'!F24 -> 100000
A17: 12 | B17: Mandor | D17: OH | E17: ='[418]HSD PSPN,STR,ARS'!F25 -> 200000
A18: 13 | B18: Operator Alat Berat | D18: OH | E18: ='[418]HSD PSPN,STR,ARS'!F26 -> 200000
A19: 14 | B19: Operator Alat Pipa | D19: OH | E19: ='[418]HSD PSPN,STR,ARS'!F27 -> 200000
A20: 15 | B20: Operator Crane | D20: OH | E20: ='[418]HSD PSPN,STR,ARS'!F28 -> 200000
A21: 16 | B21: Pembantu Operator Crane | D21: OH | E21: ='[418]HSD PSPN,STR,ARS'!F29 -> 150000
A22: 17 | B22: Juru ukur | D22: OH | E22: ='[418]HSD PSPN,STR,ARS'!F30 -> 200000
A23: 18 | B23: Pembantu juru ukur | D23: OH | E23: ='[418]HSD PSPN,STR,ARS'!F31 -> 150000
A24: 19 | B24: Tenaga Terampil Operator | D24: OH | E24: ='[418]HSD PSPN,STR,ARS'!F32 -> 200000
A25: 20 | B25: Tenaga Ahli Muda | D25: OH | E25: ='[418]HSD PSPN,STR,ARS'!F33 -> 250000
A27: B. | B27: BAHAN
A28: MEKANIKAL ELEKTRIKAL
B31: KABEL
A32: 1 | B32: NYY 1 x 4 mm² dan aksesoris | D32: m' | E32: 10000
A33: 2 | B33: NYY 1 x 6 mm² dan aksesoris | D33: m' | E33: 10000
A34: 3 | B34: NYY 1 x 10 mm² dan aksesoris | D34: m' | E34: 10000
A35: 4 | B35: NYY 1 x 16 mm² dan aksesoris | D35: m' | E35: 10000
A36: 5 | B36: NYY 1 x 25 mm² dan aksesoris | D36: m' | E36: 10000
A37: 6 | B37: NYY 1 x 35 mm² dan aksesoris | D37: m' | E37: 10000
A38: 7 | B38: NYY 1 x 50 mm² dan aksesoris | D38: m' | E38: 10000
A39: 8 | B39: NYY 1 x 70 mm² dan aksesoris | D39: m' | E39: 10000
A40: 9 | B40: NYY 1 x 95 mm² dan aksesoris | D40: m' | E40: 10000
A41: 10 | B41: NYY 1 x 120 mm² dan aksesoris | D41: m' | E41: 10000
A42: 11 | B42: NYY 1 x 150 mm² dan aksesoris | D42: m' | E42: 10000
A43: 12 | B43: NYY 1 x 185 mm² dan aksesoris | D43: m' | E43: 10000
... A157: 126 | B157: BCC 4 mm2 (0,04 kg/m) dan aksesoris | D157: m' | E157: 10000
A158: 127 | B158: Pekerja | E158: 10000
A159: 128 | B159: Tukang Listrik / Elektronik | E159: 10000
A160: 129 | B160: Kepala Tukang | E160: 10000
A161: 130 | B161: Mandor | E161: 10000
A162: 131 | B162: BCC 6 mm2 (0,06 kg/m) dan aksesoris | D162: m' | E162: 10000
A163: 132 | B163: BCC 10 mm2 (0,10 kg/m) dan aksesoris | D163: m' | E163: 10000
A164: 133 | B164: BCC 16 mm2 (0,16 kg/m) dan aksesoris | D164: m' | E164: 10000
A165: 134 | B165: BCC 25 mm2 (0,25 kg/m) dan aksesoris | D165: m' | E165: 10000
A166: 135 | B166: BCC 35 mm2 (0,35 kg/m) dan aksesoris | D166: m' | E166: 10000
A167: 136 | B167: BCC 50 mm2 (0,50 kg/m) dan aksesoris | D167: m' | E167: 10000
A168: 137 | B168: BCC 70 mm2 (0,70 kg/m) dan aksesoris | D168: m' | E168: 10000
A169: 138 | B169: BCC 95 mm2 (0,95 kg/m) dan aksesoris | D169: m' | E169: 10000
A170: 139 | B170: Kabel STP AWG 18 + PVC Conduit HI 20 mm2 (dari MCFA ke TB) dan aksesoris | D170: m' | E170: 10000
A171: 140 | B171: Kabel ITC 2 x 2 x 0,6 mm2 + PVC Conduit HI 20 mm2 dan aksesoris | D171: m' | E171: 10000
A172: 141 | B172: Kabel ITC 20 x 2 x 0,6 mm2 + PVC Conduit HI 20 mm2 dan aksesoris | D172: m' | E172: 10000
A173: 142 | B173: Kabel UTP CAT 6 + PVC Conduit HI 20 mm2 dan aksesoris | D173: m' | E173: 10000
... A301: 270 | B301: Kabel Tray (Vertikal) 150 x 100 mm TRC OCP dan aksesoris | D301: unit | E301: 10000
A302: 271 | B302: Kabel N2XSYGBY | E302: 10000
A303: 272 | B303: N2XSYGBY 3 x 120 mm2 dan aksesoris | D303: unit | E303: 10000
A304: 273 | B304: PUTM termasuk material bantu / aksesoris | D304: Unit | E304: 10000
A305: 274 | B305: PUTR per kubikal termasuk material bantu / aksesoris | D305: Unit | E305: 10000
A306: 275 | B306: MDP Floor Standing termasuk material bantu / aksesoris | D306: Unit | E306: 10000
A307: 276 | B307: MDP Wall Mounted termasuk material bantu / aksesoris | D307: Unit | E307: 10000
A308: 277 | B308: SDP Floor Standing termasuk material bantu / aksesoris. | D308: Unit | E308: 10000
A309: 278 | B309: SDP Wall Mounted termasuk material bantu / aksesoris | D309: Unit | E309: 10000
A310: 279 | B310: Panel Lantai Wall Mounted (800 x 600 x 200 mm) termasuk material bantu / aksesoris | D310: Unit | E310: 10000
A311: 280 | B311: Panel Lantai Wall Mounted (600 x 400 x 200 mm) termasuk material bantu / aksesoris | D311: Unit | E311: 10000
A312: 281 | B312: Panel kWh Meter termasuk material bantu / aksesoris | D312: Unit | E312: 10000
A313: 282 | B313: Panel Penerangan Luar Outdoor termasuk material bantu / aksesoris | D313: Unit | E313: 10000
A314: 283 | B314: Panel Kontrol Pompa Transfer termasuk material bantu / aksesoris | D314: Unit | E314: 10000
... A490: 459 | B490: Sensor Cahaya dan aksesoris | D490: buah | E490: 10000
A491: 460 | B491: Sensor Gerak dan aksesoris | D491: buah | E491: 10000 | H491: NYA 1 x 25 mm² dan aksesoris
A492: 461 | B492: MCP-FA (Semi Addressable 1 Loop) dan aksesoris | D492: Unit | E492: 10000
A493: 462 | B493: PC Komputer dan aksesoris | D493: Unit | E493: 10000
A494: 463 | B494: Alarm Printer dan aksesoris | D494: Unit | E494: 10000
A495: 464 | B495: Report Printer dan aksesoris | D495: Unit | E495: 10000
A496: 465 | B496: Announciator dan aksesoris | D496: Unit | E496: 10000
A497: 466 | B497: Terminal Box Fire Alarm (Lengkap dengan Modul) dan aksesoris | D497: Unit | E497: 10000
A498: 467 | B498: Smoke Detector Addressable dan aksesoris | D498: Unit | E498: 10000
A499: 468 | B499: Rate of Rise Detector Addressable dan aksesoris | D499: Unit | E499: 10000
A500: 469 | B500: Fix Heat Detector Addressable dan aksesoris | D500: Unit | E500: 10000
A501: 470 | B501: Smoke Detector Konvensional dan aksesoris | D501: Unit | E501: 10000
A502: 471 | B502: Rate of Rise Detector Konvensional dan aksesoris | D502: Unit | E502: 10000
A503: 472 | B503: Fix Heat Detector Konvensional dan aksesoris | D503: Unit | E503: 10000
... A812: 781 | B812: Support dan aksesoris | D812: set | E812: 10000
A814: PLUMBING
A817: 1 | B817: Roof Tank Fiberglass Kapasitas 2 m3 + Material Bantu / Aksesoris | D817: Unit | E817: 10000
A818: 2 | B818: Roof Tank Fiberglass Kapasitas 4 m3 + Material Bantu / Aksesoris | D818: Unit | E818: 10000
A819: 3 | B819: Roof Tank Fiberglass Kapasitas 12 m3 + Material Bantu / Aksesoris | D819: Unit | E819: 10000
A820: 4 | B820: Roof Tank Stainless Kapasitas 2 m3 + Material Bantu / Aksesoris | D820: Unit | E820: 10000
A821: 5 | B821: Roof Tank Stainless Kapasitas 4 m3 + Material Bantu / Aksesoris | D821: Unit | E821: 10000
A822: 6 | B822: Roof Tank Stainless Kapasitas 12 m3 + Material Bantu / Aksesoris | D822: Unit | E822: 10000
A823: 7 | B823: Tangki Toren Kapasitas 0,7 m3 + Material Bantu / Aksesoris | D823: Unit | E823: 10000
A824: 8 | B824: Tangki Toren Kapasitas 1,5 m3 + Material Bantu / Aksesoris | D824: Unit | E824: 10000
A825: 9 | B825: Tangki Toren Kapasitas 2,5 m3 + Material Bantu / Aksesoris | D825: Unit | E825: 10000
A826: 10 | B826: Tangki Toren Kapasitas 3 m3 + Material Bantu / Aksesoris | D826: Unit | E826: 10000
A827: 11 | B827: Tangki Toren Kapasitas 4 m3 + Material Bantu / Aksesoris | D827: Unit | E827: 10000
A828: 12 | B828: Tangki Toren Kapasitas 5 m3 + Material Bantu / Aksesoris | D828: Unit | E828: 10000
... A862: 46 | B862: Sewage Treatment Plant (STP) (Precast) Kap. 30 m3 + Material Bantu / Aksesoris | D862: Unit | E862: 10000
A863: 47 | B863: Sewage Treatment Plant (STP) (Fiberglass) Kap. 1 m3 + Material Bantu / Aksesoris | D863: Unit
...
